name,team,cmppct,tdpct,intpct,skpct,pacr,adjepacpoe,epaatt,anyatt,passrtg,year,mvp
Tom Brady,TB,67.16049383,5.679012346,1.604938272,3.456495828,0.921926134,0.125902318,0.172821934,7.220500596,100.7253086,2021,0
Ben Roethlisberger,PIT,64.56086287,3.697996918,1.540832049,5.805515239,0.904,0.032528093,-0.074288728,5.416545718,87.18220339,2021,0
Aaron Rodgers,GB,68.92857143,6.607142857,0.714285714,5.882352941,1.009771987,0.168571513,0.229781827,7.870588235,110.8630952,2021,1
Matt Ryan,ATL,66.96428571,3.571428571,2.142857143,6.666666667,0.991752062,0.070778578,0.014687128,5.923333333,90.38690476,2021,0
Matthew Stafford,LA,67.7462888,6.747638327,2.699055331,4.755784062,0.964739517,0.143656613,0.223457972,7.56940874,103.9389339,2021,0
Cam Newton,CAR,54.76190476,3.174603175,3.968253968,7.352941176,0.77904328,-0.045583971,-0.323662068,3.352941176,64.38492063,2021,0
Andy Dalton,CHI,63.13559322,3.389830508,3.813559322,7.086614173,0.922093731,0.014159038,-0.132258702,4.437007874,76.85381356,2021,0
Tyrod Taylor,HOU,60.66666667,3.333333333,3.333333333,7.975460123,0.872628726,0.032783964,-0.099170766,4.429447853,76.69444444,2021,0
Russell Wilson,SEA,64.75,6.25,1.5,7.621247113,0.78710493,0.092511128,0.041265078,7.106235566,103.0520833,2021,0
Kirk Cousins,MIN,66.31016043,5.882352941,1.247771836,4.753820034,0.922622951,0.107745814,0.12789587,7.417657046,103.1008616,2021,0
Ryan Tannehill,TEN,67.02702703,4.144144144,3.063063063,7.960199005,0.938300902,0.107055536,0.036323055,5.497512438,88.67492492,2021,0
Mike Glennon,NYG,53.89221557,2.395209581,5.988023952,5.113636364,0.652892562,-0.011298881,-0.484077625,2,49.73802395,2021,0
Teddy Bridgewater,DEN,66.90140845,4.225352113,1.643192488,6.783369803,0.89135514,0.128138926,0.136045943,6.315098468,94.92370892,2021,0
Derek Carr,LV,67.20588235,3.529411765,2.205882353,5.947441217,0.93066424,0.100737483,0.059199846,6.43153527,91.99754902,2021,0
Jimmy Garoppolo,SF,66.7961165,4.27184466,2.912621359,6.02189781,1.164255091,0.117857007,0.178298376,7.087591241,95.00404531,2021,0
Jameis Winston,NO,59.00621118,8.695652174,1.863354037,6.395348837,0.873134328,0.121592971,0.135468242,7.244186047,102.7562112,2021,0
Taylor Heinicke,WAS,64.97975709,4.048582996,3.036437247,7.142857143,0.90521578,0.052925025,-0.053676752,5.387218045,85.91430499,2021,0
Trevor Siemian,NO,57.44680851,5.85106383,1.595744681,4.568527919,0.865067466,0.032868771,-0.0356612,5.964467005,88.38652482,2021,0
Carson Wentz,IND,62.40310078,5.23255814,1.356589147,5.839416058,0.90362668,0.070375608,0.024896764,6.498175182,94.64631783,2021,0
Dak Prescott,DAL,67.76212833,5.946791862,1.72143975,5.192878338,0.943619583,0.097589518,0.148690299,7.097922849,101.8681534,2021,0
Jared Goff,DET,67.20647773,3.846153846,1.619433198,6.616257089,1.030813215,0.039007775,-0.058291667,5.642722117,91.5317139,2021,0
Jacoby Brissett,MIA,62.66666667,2.222222222,1.777777778,7.786885246,0.758722649,0.025021343,-0.106271206,4.389344262,78.06481481,2021,0
Taysom Hill,NO,58.20895522,2.985074627,3.731343284,6.293706294,0.99592668,0.020240445,-0.085333167,5.377622378,75.40422886,2021,0
Patrick Mahomes,KC,67.30769231,6.153846154,2.051282051,4.52876377,1.068309476,0.154968541,0.222738673,7.23255814,101.6346154,2021,0
Mike White,NYJ,66.66666667,3.787878788,6.060606061,2.941176471,1.226512227,0.072125339,0.02227408,4.963235294,75.09469697,2021,0
Lamar Jackson,BAL,64.39790576,4.188481675,3.403141361,9.047619048,0.816199377,0.084120087,0.050187699,5.778571429,86.96553229,2021,0
Baker Mayfield,CLE,60.52631579,4.066985646,3.110047847,9.327548807,0.824431663,0.048128323,-0.015685199,5.414316703,83.12400319,2021,0
Josh Allen,BUF,64.5480226,6.355932203,2.118644068,3.804347826,0.866220161,0.142174181,0.17083219,6.914402174,97.91666667,2021,0
Sam Darnold,CAR,59.85221675,2.216748768,3.201970443,7.936507937,0.85952381,-0.001650731,-0.1915433,4.349206349,71.94170772,2021,0
Kyler Murray,ARI,68.34951456,4.660194175,2.330097087,6.02189781,0.959413203,0.101664866,0.08613349,6.501824818,96.61407767,2021,0
Drew Lock,DEN,60.36036036,1.801801802,1.801801802,7.5,0.704565801,0.0234105,-0.083052644,5.708333333,80.42417417,2021,0
Daniel Jones,NYG,64.26592798,2.770083102,1.939058172,5.744125326,0.918305598,0.047797767,-0.034492746,5.621409922,84.81648199,2021,0
Tyler Huntley,BAL,64.89361702,1.595744681,2.127659574,8.737864078,0.761267606,0.039566834,-0.153208575,4.145631068,76.57358156,2021,0
Tua Tagovailoa,MIA,67.78350515,4.12371134,2.577319588,4.901960784,0.96507821,0.085253212,0.053752495,5.81127451,90.06658076,2021,0
Justin Herbert,LAC,65.92261905,5.654761905,2.232142857,4.409672831,0.989149734,0.122664964,0.175870095,6.948790896,97.65625,2021,0
Jalen Hurts,PHI,60.63157895,3.578947368,2.315789474,5.566600398,0.782608696,0.075109674,0.019441991,6.129224652,84.73245614,2021,0
Joe Burrow,CIN,69.93957704,5.891238671,2.416918429,9.56284153,1.119905956,0.145409606,0.150562434,7.198087432,105.9101208,2021,0
Davis Mills,HOU,66.75126904,4.060913706,2.538071066,7.294117647,0.928546532,0.02536364,-0.116076929,5.477647059,88.84306261,2021,0
Justin Fields,CHI,58.88888889,2.592592593,3.703703704,11.76470588,0.709408194,0.013884279,-0.240476934,4.235294118,73.22530864,2021,0
Trevor Lawrence,JAX,59.6345515,1.993355482,2.823920266,5.047318612,0.769442096,0.009179684,-0.099689136,4.539432177,71.85769657,2021,0
Mac Jones,NE,67.26296959,4.293381038,2.683363148,5.254237288,0.91638264,0.116200384,0.097062964,6.069491525,91.32751938,2021,0
Zach Wilson,NYJ,55.61357702,2.349869452,2.872062663,10.30444965,0.807612457,-0.028900582,-0.247342523,3.861826698,69.68559617,2021,0
Tom Brady,TB,64.43850267,6.684491979,2.005347594,3.483870968,0.825217391,0.163249493,0.233356861,7.534193548,101.426025,2020,0
Drew Brees,NO,69.54643629,5.831533477,1.943844492,2.731092437,1.226955564,0.113529417,0.139898457,7.115546218,101.4443844,2020,0
Ben Roethlisberger,PIT,65.97633136,5.473372781,2.071005917,1.886792453,0.899477534,0.090076912,0.09325301,6.235123367,93.20759369,2020,0
Philip Rivers,IND,67.23259762,4.41426146,1.867572156,3.125,1.057378985,0.132841128,0.200494716,7.212171053,96.72113752,2020,0
Alex Smith,WAS,66.66666667,2.380952381,3.174603175,8.02919708,1.230171073,0.022235536,-0.129713766,4.390510949,78.50529101,2020,0
Aaron Rodgers,GB,70.16393443,8.68852459,0.983606557,3.937007874,1.029375,0.212490485,0.346629623,8.688188976,119.1666667,2020,1
Ryan Fitzpatrick,MIA,68.53932584,4.868913858,2.996254682,4.982206406,1.009169884,0.15535753,0.174483963,6.854092527,95.5758427,2020,0
Matt Ryan,ATL,65.01597444,4.153354633,1.757188498,6.146926537,0.857543991,0.105738159,0.109282576,6.52023988,93.27742279,2020,0
Joe Flacco,NYJ,55.2238806,4.47761194,2.23880597,4.964539007,0.606315789,0.040602101,-0.06839621,5.531914894,80.5659204,2020,0
Matthew Stafford,DET,64.20454545,4.924242424,1.893939394,6.713780919,0.886092428,0.106004871,0.105770641,6.890459364,96.33838384,2020,0
Cam Newton,NE,65.76086957,2.173913043,2.717391304,7.769423559,1.064503205,0.062680655,-0.012337062,5.443609023,82.89175725,2020,0
Andy Dalton,DAL,64.86486486,4.204204204,2.402402402,6.722689076,0.952589991,0.056790387,-0.033636246,5.338935574,87.29354354,2020,0
Russell Wilson,SEA,67.52136752,7.179487179,2.393162393,8.163265306,0.843299366,0.137013009,0.10725415,6.692307692,103.5505698,2020,0
Nick Foles,CHI,64.74358974,3.205128205,2.564102564,5.454545455,0.740207834,0.043282479,-0.107869114,4.687878788,80.76923077,2020,0
Kirk Cousins,MIN,67.63565891,6.782945736,2.519379845,7.027027027,1.039483305,0.150221024,0.17769268,7.430630631,104.998385,2020,0
Ryan Tannehill,TEN,65.68047337,6.903353057,1.57790927,4.69924812,0.945868946,0.180304544,0.247888344,7.789473684,105.9952334,2020,0
Mike Glennon,JAX,62.01117318,3.910614525,2.793296089,4.787234043,0.752808989,0.005525766,-0.099435157,4.968085106,80.1094041,2020,0
Teddy Bridgewater,CAR,69.10569106,3.048780488,2.235772358,5.927342256,1.063229849,0.11334945,0.068113674,6.372848948,92.13245257,2020,0
Derek Carr,LV,67.31141199,5.222437137,1.740812379,4.788213628,0.980640535,0.138157211,0.116298544,7.52854512,101.3982914,2020,0
Jimmy Garoppolo,SF,67.14285714,5,3.571428571,7.284768212,1.246871445,0.120729082,0.177682671,6.185430464,92.44047619,2020,0
Brandon Allen,CIN,63.38028169,3.521126761,2.816901408,4.697986577,0.984042553,0.016891205,-0.066948383,5.32885906,82.04225352,2020,0
Carson Wentz,PHI,57.43707094,3.661327231,3.432494279,10.26694045,0.683537699,0.011150019,-0.199080856,3.981519507,72.83085431,2020,0
Dak Prescott,DAL,68.01801802,4.054054054,1.801801802,4.310344828,1.053348468,0.117492799,0.144224302,7.715517241,99.60585586,2020,0
Jared Goff,LA,66.88963211,3.678929766,2.173913043,4.625199362,1.089590227,0.079726345,0.041317315,6.274322169,90.85841695,2020,0
Nick Mullens,SF,64.72392638,3.680981595,3.680981595,5.507246377,1.187043351,0.059355427,0.009258801,5.791304348,84.1002045,2020,0
Taysom Hill,NO,72.72727273,3.305785124,1.652892562,11.02941176,1.100830368,0.106902851,-0.0231922,6.088235294,98.77754821,2020,0
Deshaun Watson,HOU,70.22058824,6.066176471,1.286764706,8.26306914,0.997105644,0.165472717,0.245301389,8.220910624,112.4004289,2020,0
Mitchell Trubisky,CHI,66.87116564,5.214723926,2.45398773,5.507246377,0.865923934,0.088908452,0.077063773,6.089855072,93.77556237,2020,0
Patrick Mahomes,KC,66.09929078,5.957446809,1.134751773,3.556771546,0.983808518,0.167406811,0.285415325,8.065663475,105.3339243,2020,0
C.J. Beathard,SF,63.46153846,5.769230769,0,7.96460177,0.939140811,0.080858364,0.097742293,7.398230088,105.7291667,2020,0
Lamar Jackson,BAL,64.38679245,6.132075472,2.594339623,8.026030369,0.854856512,0.116835125,0.107364826,6.344902386,95.81367925,2020,0
Baker Mayfield,CLE,62.65709156,5.385996409,1.615798923,4.623287671,0.884742042,0.134681218,0.186076083,6.943493151,95.66502095,2020,0
Josh Allen,BUF,68.35260116,6.069364162,1.589595376,4.683195592,0.902677218,0.173278731,0.247142726,7.511019284,104.9313584,2020,0
Sam Darnold,NYJ,59.61538462,2.472527473,3.021978022,8.771929825,0.790264853,0.01437556,-0.211437236,4.157894737,72.68772894,2020,0
Kyler Murray,ARI,67.20430108,4.659498208,2.150537634,4.615384615,0.914976959,0.115792815,0.060580275,6.452991453,94.31003584,2020,0
Dwayne Haskins,WAS,61.41078838,2.074688797,2.904564315,7.662835249,0.887176326,-0.004023109,-0.164199795,4.149425287,72.95124481,2020,0
Gardner Minshew,JAX,66.05504587,4.892966361,1.529051988,7.627118644,0.883111806,0.101637251,0.056786489,6.234463277,95.85244648,2020,0
Drew Lock,DEN,57.33634312,3.611738149,3.386004515,4.112554113,0.751473226,0.023464206,-0.076114841,5.313852814,75.38092551,2020,0
Daniel Jones,NYG,62.5,2.455357143,2.232142857,9.127789047,0.865079365,0.034864218,-0.052412252,4.922920892,80.42224702,2020,0
Tua Tagovailoa,MIA,64.13793103,3.793103448,1.724137931,6.451612903,0.834022989,0.05464429,-0.046586859,5.396774194,87.0545977,2020,0
Jake Luton,JAX,54.54545455,1.818181818,5.454545455,5.982905983,0.721387283,-0.030694197,-0.319828046,2.923076923,54.50757576,2020,0
Justin Herbert,LAC,66.55462185,5.210084034,1.680672269,5.103668262,0.991538989,0.110354133,0.150445777,6.83891547,98.27380952,2020,0
Jalen Hurts,PHI,52.02702703,4.054054054,2.702702703,8.074534161,0.784183296,0.019777786,-0.03122415,5.850931677,77.56193694,2020,0
Joe Burrow,CIN,65.34653465,3.217821782,1.237623762,7.339449541,0.78298864,0.105986485,0.121204765,5.71559633,89.83085809,2020,0
Tom Brady,NE,60.46153846,3.692307692,1.384615385,3.988183161,0.863213274,0.070508322,0.043662552,6.138847858,86.3525641,2019,0
Drew Brees,NO,74.69586375,6.812652068,1.216545012,3.521126761,1.214095238,0.150286692,0.193488648,7.985915493,114.2791971,2019,0
Eli Manning,NYG,61.9047619,4.081632653,3.401360544,3.289473684,0.869057548,0.019811311,-0.047485101,5.875,82.63888889,2019,0
Philip Rivers,LAC,65.98984772,3.891708968,3.384094755,5.44,0.914404597,0.119543652,0.114519623,6.3248,88.48350254,2019,0
Aaron Rodgers,GB,62.99212598,4.724409449,0.94488189,6.065088757,0.821974465,0.112930493,0.128238903,6.773668639,96.3812336,2019,0
Ryan Fitzpatrick,MIA,61.95219124,3.984063745,2.589641434,7.380073801,0.781963217,0.080290297,0.050431382,5.784132841,85.49136786,2019,0
Matt Ryan,ATL,66.23376623,4.220779221,2.272727273,7.228915663,0.88418135,0.090836159,0.033231389,6.084337349,92.08603896,2019,0
Joe Flacco,DEN,65.26717557,2.290076336,1.908396947,9.027777778,1.025323579,0.03685528,-0.08885958,5.288194444,85.13040712,2019,0
Matthew Stafford,DET,64.26116838,6.529209622,1.718213058,5.825242718,0.803795433,0.139715473,0.239204439,8.145631068,106.0209049,2019,0
Andy Dalton,CIN,59.46969697,3.03030303,2.651515152,6.548672566,0.816736793,0.03851029,-0.030319583,5.194690265,78.26704545,2019,0
Case Keenum,WAS,64.77732794,4.453441296,2.024291498,5.72519084,1.004117647,0.05423539,-0.013000931,5.942748092,91.27024291,2019,0
Russell Wilson,SEA,65.85788562,5.719237435,0.866551127,8.557844691,0.851002348,0.157951497,0.197450525,7.621236133,106.444974,2019,0
Nick Foles,JAX,65.81196581,2.564102564,1.709401709,6.4,0.743434343,0.037033813,-0.116078149,5.168,84.56196581,2019,0
Kirk Cousins,MIN,68.84920635,5.555555556,1.388888889,6.666666667,1.049098981,0.134352789,0.167187568,7.407407407,105.3984788,2019,0
Ryan Tannehill,TEN,68.49710983,7.803468208,2.023121387,9.42408377,0.940731781,0.171552671,0.190833864,8.073298429,114.2100193,2019,0
Teddy Bridgewater,NO,67.85714286,4.591836735,1.020408163,5.769230769,1.141914191,0.077993986,0.122223692,6.658653846,99.10714286,2019,0
Derek Carr,LV,70.37037037,4.093567251,1.559454191,5.350553506,1.208345753,0.141922219,0.193222026,7.250922509,100.8000325,2019,0
Jimmy Garoppolo,SF,68.53932584,5.43071161,2.996254682,6.968641115,1.240146396,0.125625496,0.15461237,6.972125436,99.18851436,2019,0
Jameis Winston,TB,60.7028754,5.271565495,4.792332268,6.983655275,0.788304274,0.098381937,0.068509826,6.147102526,84.27848775,2019,0
Marcus Mariota,TEN,59.62732919,4.347826087,1.242236025,13.44086022,1.068141593,0.031661223,-0.04676683,5.887096774,92.32660455,2019,0
Jeff Driskel,DET,59.04761905,3.80952381,3.80952381,9.482758621,0.80493537,0.028188932,-0.081532336,4.646551724,75.29761905,2019,0
Carson Wentz,PHI,63.66612111,4.41898527,1.145662848,5.855161787,0.822715245,0.073889287,0.060825018,6.218798151,92.65889253,2019,0
Dak Prescott,DAL,65.10067114,5.033557047,1.845637584,3.715670436,0.87332977,0.132510272,0.208944697,7.844911147,99.69239374,2019,0
Jared Goff,LA,62.93929712,3.514376997,2.555910543,3.395061728,0.958066515,0.074587636,0.100306311,6.462962963,86.46831736,2019,0
Jacoby Brissett,IND,60.85011186,4.026845638,1.342281879,5.696202532,0.829901269,0.064218719,0.024484785,6.061181435,88.04530201,2019,0
Deshaun Watson,HOU,67.13286713,5.06993007,2.097902098,8.771929825,0.879631445,0.122631552,0.1482498,6.724082935,98.87092075,2019,0
Mitchell Trubisky,CHI,63.17829457,3.294573643,1.937984496,6.859205776,0.763875365,0.025585915,-0.069915126,5.0433213,82.97803618,2019,0
Patrick Mahomes,KC,65.60402685,6.040268456,1.174496644,3.715670436,0.956555469,0.180054189,0.292350442,8.384491115,106.4737136,2019,0
Josh Rosen,MIA,53.21100917,0.917431193,4.587155963,12.8,0.630700779,-0.038763261,-0.45380856,2.152,52.04510703,2019,0
Kyle Allen,CAR,61.96319018,3.476482618,3.27198364,8.598130841,0.830292427,0.037229028,-0.057542745,4.757009346,79.98040218,2019,0
Mason Rudolph,PIT,62.19081272,4.593639576,3.180212014,5.033557047,0.772090989,0.041231782,-0.061328318,5.020134228,81.95671378,2019,0
Lamar Jackson,BAL,64.34782609,8.043478261,1.739130435,5.544147844,0.829847909,0.16850054,0.289965856,7.691991786,106.9021739,2019,1
Baker Mayfield,CLE,59.36329588,4.119850187,3.93258427,6.968641115,0.846494138,0.048779762,-0.018394356,5.290940767,78.76092385,2019,0
Josh Allen,BUF,58.18540434,3.944773176,1.775147929,7.481751825,0.7173727,0.049036724,-0.032673378,5.627737226,83.87984878,2019,0
Sam Darnold,NYJ,61.9047619,4.308390023,2.947845805,6.962025316,0.805326232,0.048204967,-0.039624114,5.5,84.32067271,2019,0
David Blough,DET,54.02298851,2.298850575,3.448275862,7.446808511,0.663072776,-0.050815164,-0.250952169,3.670212766,63.96072797,2019,0
Kyler Murray,ARI,64.39114391,3.6900369,2.21402214,8.13559322,0.917879162,0.055845512,0.003390109,5.547457627,87.43081181,2019,0
Dwayne Haskins,WAS,58.62068966,3.448275862,3.448275862,12.5,0.77955454,-0.001567617,-0.253152196,4.25,76.07758621,2019,0
Gardner Minshew,JAX,60.63829787,4.468085106,1.276595745,6.560636183,0.942108295,0.031064441,-0.029209559,6.435387674,91.18794326,2019,0
Devlin Hodges,PIT,62.5,3.125,5,8.571428571,0.904680851,0.044262243,-0.137142442,4.005714286,71.43229167,2019,0
Drew Lock,DEN,64.1025641,4.487179487,1.923076923,3.105590062,0.957746479,0.083772525,0.087980304,6.204968944,89.69017094,2019,0
Daniel Jones,NYG,61.87363834,5.22875817,2.614379085,7.645875252,0.820547574,0.039179913,-0.090115157,5.376257545,87.65885984,2019,0
Tom Brady,NE,66.18705036,4.460431655,2.014388489,3.068340307,0.996994741,0.124637012,0.167496294,7.171548117,95.53657074,2018,0
Drew Brees,NO,73.72134039,6.349206349,1.234567901,3.571428571,1.103766707,0.201093066,0.30104932,8.164965986,112.9151969,2018,0
Josh McCown,NYJ,54.54545455,0.909090909,3.636363636,5.982905983,0.669565217,-0.02462512,-0.294426211,2.94017094,55.83333333,2018,0
Eli Manning,NYG,65.97222222,3.645833333,1.909722222,7.544141252,1.016552376,0.078855945,0.048321778,6.205457464,92.35387731,2018,0
Ben Roethlisberger,PIT,66.96296296,5.037037037,2.37037037,3.433476395,0.976208603,0.146338451,0.211623984,7.042918455,96.45987654,2018,0
Philip Rivers,LAC,66.66666667,5.922165821,2.199661591,5.591054313,1.016737288,0.152048196,0.243590341,7.490415335,102.0480823,2018,0
Alex Smith,WAS,62.5,3.048780488,1.524390244,6.285714286,0.822641509,0.059417178,-0.020173818,5.811428571,85.67073171,2018,0
Aaron Rodgers,GB,62.31155779,4.18760469,0.335008375,7.585139319,0.847548178,0.088821823,0.088472527,6.964396285,97.57467895,2018,0
Ryan Fitzpatrick,TB,66.66666667,6.910569106,4.87804878,5.384615385,0.929300864,0.168121922,0.242147242,8.038461538,100.4234417,2018,0
Matt Ryan,ATL,69.40789474,5.756578947,1.151315789,6.461538462,0.946741011,0.164346823,0.200901712,7.712307692,108.0592105,2018,0
Joe Flacco,BAL,61.21372032,3.166226913,1.583113456,4.050632911,0.761507569,0.070556857,0.050606289,5.964556962,84.15237467,2018,0
Matthew Stafford,DET,66.12612613,3.783783784,1.981981982,6.722689076,0.984619395,0.062611286,0.018480058,5.793277311,89.89864865,2018,0
Cam Newton,CAR,67.94055202,5.095541401,2.760084926,5.8,1.00443787,0.099575099,0.068223692,6.154,94.21886058,2018,0
Blaine Gabbert,TEN,60.3960396,3.96039604,3.96039604,4.716981132,0.881690141,-0.020325716,-0.230449162,4.613207547,74.93811881,2018,0
Andy Dalton,CIN,61.91780822,5.753424658,3.01369863,5.440414508,0.870715982,0.079223514,0.075005545,6.046632124,89.59474886,2018,0
Case Keenum,DEN,62.28668942,3.071672355,2.559726962,5.483870968,0.890363928,0.038838676,-0.028584912,5.387096774,81.22155859,2018,0
Russell Wilson,SEA,65.63876652,7.929515419,1.54185022,10.27667984,0.90732068,0.166000146,0.146686014,7.359683794,110.5726872,2018,0
Nick Foles,PHI,69.17293233,3.759398496,3.007518797,3.623188406,0.961636829,0.115119794,0.076089156,6.032608696,89.17606516,2018,0
Kirk Cousins,MIN,70.1320132,4.95049505,1.650165017,6.191950464,0.977707006,0.066025934,-0.019903761,6.479876161,99.70434543,2018,0
Andrew Luck,IND,66.19519095,5.940594059,2.263083451,2.884615385,0.928227895,0.107266941,0.141515612,6.840659341,97.19177275,2018,0
Brock Osweiler,MIA,63.48314607,3.370786517,2.247191011,8.717948718,0.875702247,0.037067214,-0.053566767,5.420512821,86.04868914,2018,0
Ryan Tannehill,MIA,64.23357664,6.204379562,3.284671533,11.32686084,0.887842082,0.018966029,-0.203224031,5.291262136,92.70072993,2018,0
Derek Carr,LV,68.89692586,3.435804702,1.808318264,8.443708609,1.071731075,0.081604359,-0.002180555,6.092715232,93.92329717,2018,0
Blake Bortles,JAX,60.29776675,3.225806452,2.729528536,7.142857143,0.940809969,0.010998829,-0.055614196,5.322580645,79.81286187,2018,0
Jameis Winston,TB,64.55026455,5.026455026,3.703703704,6.666666667,0.732256486,0.130767902,0.123112143,6.382716049,90.17857143,2018,0
Marcus Mariota,TEN,68.88217523,3.32326284,2.416918429,11.26005362,1.004769475,0.093352688,0.027679242,5.750670241,92.31495468,2018,0
Jeff Driskel,CIN,59.65909091,3.409090909,1.136363636,8.333333333,0.727866473,0.030209679,-0.081023938,4.744791667,82.17329545,2018,0
Carson Wentz,PHI,69.57605985,5.236907731,1.74563591,7.175925926,0.98525641,0.122575568,0.090304476,6.891203704,102.1872402,2018,0
Dak Prescott,DAL,67.34348562,4.060913706,1.52284264,8.936825886,0.983153639,0.083328137,0.048521753,6.297380586,96.25282008,2018,0
Cody Kessler,JAX,64.88549618,1.526717557,1.526717557,14.37908497,0.805681818,0.038693724,-0.303911755,3.333333333,77.43320611,2018,0
Jared Goff,LA,63.41829085,4.947526237,2.098950525,5.390070922,0.936199723,0.108929818,0.162267404,7.330496454,96.41116942,2018,0
Nick Mullens,SF,64.23357664,4.744525547,3.649635036,5.841924399,1.198421053,0.112880028,0.113567231,6.735395189,90.84549878,2018,0
Deshaun Watson,HOU,67.50902527,4.873646209,1.805054152,10.50080775,0.941780822,0.112610751,0.08760776,6.604200323,100.1579422,2018,0
Mitchell Trubisky,CHI,66.03773585,5.241090147,2.51572327,5.168986083,0.819047619,0.129250364,0.117312013,6.622266402,94.90303983,2018,0
Patrick Mahomes,KC,65.33742331,8.128834356,1.840490798,4.956268222,0.938275691,0.193255754,0.351747421,8.670553936,112.1932515,2018,1
C.J. Beathard,SF,60.35502959,4.733727811,4.142011834,9.625668449,1.122869955,-0.0010168,-0.143677318,5.032085561,81.76775148,2018,0
Josh Rosen,ARI,55.21628499,2.798982188,3.562340967,10.2739726,0.698344574,-0.018082841,-0.385968732,3.534246575,66.735581,2018,0
Lamar Jackson,BAL,56.7839196,4.020100503,2.010050251,10.36036036,0.808695652,0.019894198,-0.063177751,5.626126126,83.63693467,2018,0
Baker Mayfield,CLE,63.78600823,5.555555556,2.880658436,4.892367906,0.825027685,0.08933743,0.078059756,6.774951076,93.68998628,2018,0
Josh Allen,BUF,52.8125,3.125,3.75,8.045977011,0.591894977,0.01247095,-0.12760805,4.370689655,67.890625,2018,0
Sam Darnold,NYJ,57.7294686,4.106280193,3.623188406,6.756756757,0.747651357,0.026979825,-0.031275399,5.238738739,77.61674718,2018,0
Tom Brady,NE,65.83333333,5.555555556,1.111111111,5.138339921,0.858754513,0.167339556,0.253847587,7.814229249,103.8715278,2017,1
Drew Brees,NO,71.26436782,4.597701149,1.806239737,3.639240506,1.213090909,0.14604276,0.213090943,7.754746835,103.5064313,2017,0
Josh McCown,NYJ,67.25440806,4.534005038,2.267002519,8.944954128,0.963768116,0.107174146,0.036071021,6.002293578,94.50566751,2017,0
Carson Palmer,ARI,61.42322097,3.370786517,2.621722846,7.612456747,0.791516607,0.056449413,-0.012177033,5.858131488,84.44912609,2017,0
Eli Manning,NYG,61.64623468,3.327495622,2.276707531,5.149501661,0.831455287,0.007617752,-0.103915157,5.106312292,80.36704612,2017,0
Ben Roethlisberger,PIT,64.13570275,5.331179321,2.423263328,3.582554517,0.869405047,0.137140784,0.161691576,7.101246106,94.97509424,2017,0
Philip Rivers,LAC,62.60869565,4.869565217,1.739130435,3.035413153,0.951527924,0.134302929,0.204432143,7.596964587,95.96014493,2017,0
Alex Smith,KC,67.84386617,5.204460967,0.92936803,6.759098787,1.045907214,0.138576894,0.181480364,7.670710572,105.4445477,2017,0
Aaron Rodgers,GB,64.70588235,6.722689076,2.521008403,8.461538462,1.019476567,0.112645511,0.098737421,5.988461538,97.23389356,2017,0
Ryan Fitzpatrick,TB,58.89570552,4.294478528,1.840490798,4.117647059,0.745774172,0.073320272,0.055007951,6.317647059,86.00460123,2017,0
Jay Cutler,MIA,62.004662,4.428904429,3.263403263,4.454342984,0.755240793,0.039424035,-0.055852286,5.037861915,80.81293706,2017,0
Drew Stanton,ARI,49.68553459,3.773584906,3.144654088,4.21686747,0.520372526,-0.003912013,-0.139855081,4.512048193,66.39150943,2017,0
Matt Moore,MIA,61.41732283,3.149606299,3.937007874,8.633093525,0.828681424,0.029759339,-0.168883967,4.467625899,75.60695538,2017,0
Matt Ryan,ATL,64.70588235,3.697478992,2.016806723,4.8,0.878252427,0.123490886,0.126152181,6.7712,91.60014006,2017,0
Joe Flacco,BAL,64.11657559,3.278688525,2.367941712,4.6875,0.85376461,0.029416539,-0.095760988,4.706597222,80.41514876,2017,0
Matthew Stafford,DET,65.66371681,5.132743363,1.769911504,7.679738562,0.97864847,0.088935925,0.067811034,7.008169935,99.32522124,2017,0
Brian Hoyer,NE,58.29383886,1.895734597,1.895734597,7.04845815,0.774834437,-0.005564859,-0.14195564,4.735682819,74.4964455,2017,0
Cam Newton,CAR,59.21052632,4.511278195,3.007518797,6.830122592,0.802946998,0.064258484,0.010604595,5.474605954,82.52662907,2017,0
Blaine Gabbert,ARI,55.55555556,3.50877193,3.50877193,11.8556701,0.690839695,-0.016380216,-0.321290515,4.056701031,71.91764133,2017,0
Andy Dalton,CIN,59.87903226,5.040322581,2.419354839,7.289719626,0.816929134,0.031921418,-0.062497467,5.654205607,86.59274194,2017,0
Tyrod Taylor,BUF,61.26914661,3.06345733,1.094091904,9.504950495,0.764001042,0.060444977,-0.017916928,5.38019802,85.53519329,2017,0
Case Keenum,MIN,66.43233743,4.217926186,1.757469244,4.208754209,0.972947542,0.1178781,0.08922076,6.754208754,94.46763327,2017,0
Russell Wilson,SEA,61.30198915,6.148282098,1.98915009,7.214765101,0.737456027,0.105868956,0.050345611,6.453020134,95.3850211,2017,0
Nick Foles,PHI,64.73429952,5.314009662,1.449275362,3.271028037,0.873696408,0.138418652,0.18105152,7.172897196,98.05756844,2017,0
Kirk Cousins,WAS,64.25925926,5,2.407407407,7.056798623,0.985552613,0.078943156,0.030461666,6.378657487,93.85030864,2017,0
Brock Osweiler,DEN,55.81395349,2.906976744,2.906976744,5.494505495,0.820512821,0.002073698,-0.131679907,4.93956044,72.52906977,2017,0
Mike Glennon,CHI,66.42857143,2.857142857,3.571428571,5.405405405,0.968604651,0.033996153,-0.188912562,4.121621622,76.875,2017,0
Tom Savage,HOU,56.05381166,2.242152466,2.69058296,8.606557377,0.718209563,0.003534592,-0.216928827,4.43852459,71.44058296,2017,0
Derek Carr,LV,62.7184466,4.27184466,2.524271845,3.738317757,0.823751178,0.065235493,0.04107893,6.074766355,86.35517799,2017,0
Jimmy Garoppolo,SF,67.41573034,3.93258427,2.808988764,4.301075269,0.992366412,0.204324764,0.323802966,7.623655914,96.18445693,2017,0
Blake Bortles,JAX,59.86842105,3.947368421,2.138157895,4.552590267,0.912793177,0.076086978,0.064690661,6.312401884,85.56058114,2017,0
Jameis Winston,TB,63.80090498,4.298642534,2.488687783,6.947368421,0.746643938,0.119961781,0.11234751,6.698947368,92.24170437,2017,0
Bryce Petty,NYJ,49.10714286,0.892857143,2.678571429,6.666666667,0.605116796,-0.054468938,-0.311532333,3.116666667,55.05952381,2017,0
Brett Hundley,GB,60.75949367,2.848101266,3.797468354,8.405797101,0.767237777,0.007842315,-0.241387187,3.707246377,70.59599156,2017,0
Trevor Siemian,DEN,59.02578797,3.438395415,4.011461318,8.638743455,0.75065703,0.027964413,-0.136905705,4.384816754,73.2987106,2017,0
Marcus Mariota,TEN,61.80422265,3.262955854,3.071017274,6.630824373,0.774119128,0.084602749,-0.008528052,5.512544803,81.18602047,2017,0
Carson Wentz,PHI,60.22727273,7.5,1.590909091,5.982905983,0.755963303,0.143133613,0.215453162,7.433760684,101.8560606,2017,0
Dak Prescott,DAL,62.85714286,4.489795918,2.653061224,6.130268199,0.843226788,0.068578349,-0.059739391,5.735632184,86.64115646,2017,0
Jared Goff,LA,61.30268199,5.555555556,1.340996169,5.090909091,0.971080306,0.107482206,0.175860648,7.532727273,98.53128991,2017,0
Jacoby Brissett,IND,58.84861407,2.771855011,1.492537313,9.980806142,0.88186735,0.012434079,-0.093870353,5.255278311,81.66755508,2017,0
Deshaun Watson,HOU,61.76470588,9.31372549,3.921568627,8.520179372,0.757805531,0.160545935,0.125715108,7.188340807,102.9616013,2017,0
Mitchell Trubisky,CHI,59.39393939,2.121212121,2.121212121,8.587257618,0.852975496,-0.002351281,-0.132045748,5.047091413,77.5,2017,0
DeShone Kizer,CLE,53.57142857,2.31092437,4.621848739,7.392996109,0.677434457,-0.009624584,-0.237119438,3.692607004,60.50420168,2017,0
C.J. Beathard,SF,54.91071429,1.785714286,2.678571429,7.818930041,0.88,-0.013768382,-0.183526152,4.522633745,69.23363095,2017,0
Tom Brady,NE,66.8989547,6.097560976,0.871080139,4.013377926,1.011863676,0.181385414,0.302637364,8.423076923,108.5801394,2016,0
Drew Brees,NO,69.98514116,5.497771174,2.228826152,3.857142857,1.086131387,0.14582388,0.168337405,7.27,101.6870976,2016,0
Josh McCown,CLE,54.54545455,3.636363636,3.636363636,9.836065574,0.667070952,-0.00758645,-0.159821797,4.50273224,72.28535354,2016,0
Carson Palmer,ARI,60.97152429,4.355108878,2.345058626,6.279434851,0.75119787,0.078426532,0.058378207,6.031397174,87.18243998,2016,0
Eli Manning,NYG,62.30529595,4.205607477,2.647975078,3.458646617,0.837884951,0.03579028,-0.017962422,5.947368421,85.06619938,2016,0
Ben Roethlisberger,PIT,64.79338843,5.289256198,2.809917355,3.044871795,0.873752878,0.125947383,0.15229409,6.84775641,93.36432507,2016,0
Philip Rivers,LAC,60.38062284,5.709342561,3.633217993,5.863192182,0.903212521,0.099569475,0.089870897,6.372964169,87.91089965,2016,0
Alex Smith,KC,66.53919694,3.059273423,1.7208413,5.253623188,1.035804906,0.096061602,0.076040438,6.237318841,89.83030593,2016,0
Aaron Rodgers,GB,65.17615176,6.639566396,1.219512195,5.747126437,0.82079178,0.1646199,0.227645912,7.256704981,104.1158537,2016,0
Ryan Fitzpatrick,NYJ,56.57568238,2.977667494,4.218362283,4.502369668,0.745324532,0.038280874,-0.044977122,4.985781991,69.59780811,2016,0
Jay Cutler,CHI,59.12408759,2.919708029,3.649635036,11.03896104,0.839144216,0.010854003,-0.190129306,5.25974026,78.08698297,2016,0
Matt Moore,MIA,68.29268293,7.317073171,3.25203252,4.651162791,1.031664964,0.148741276,0.224430933,7.550387597,104.048103,2016,0
Matt Ryan,ATL,70.09493671,7.436708861,1.107594937,6.646971935,1.072161238,0.215084481,0.359816015,9.289512555,119.9498945,2016,1
Joe Flacco,BAL,64.88095238,2.976190476,2.232142857,4.680851064,0.8691363,0.040315739,-0.039249701,5.388652482,83.53794643,2016,0
Matthew Stafford,DET,64.85623003,3.833865815,1.597444089,6.006006006,0.968583031,0.102992345,0.106471712,6.490990991,92.41879659,2016,0
Brian Hoyer,CHI,67,3,0,1.960784314,0.922733078,0.11130485,0.174039645,7.583333333,98.02083333,2016,0
Sam Bradford,MIN,71.55797101,3.623188406,0.905797101,6.281833616,1.105188141,0.098930157,0.065736858,6.410865874,99.28291063,2016,0
Cam Newton,CAR,52.94117647,3.725490196,2.745098039,6.593406593,0.667999239,0.017872306,-0.04606043,5.461538462,75.8496732,2016,0
Blaine Gabbert,SF,56.875,3.125,3.75,6.432748538,0.684678016,-0.007276166,-0.207388693,4.134502924,68.359375,2016,0
Andy Dalton,CIN,64.65364121,3.197158082,1.420959147,6.78807947,0.952445652,0.109562687,0.11312311,6.526490066,91.82578449,2016,0
Colin Kaepernick,SF,59.21450151,4.833836858,1.208459215,9.809264305,0.841848234,0.029371416,-0.026692448,5.923705722,90.71626385,2016,0
Tyrod Taylor,BUF,61.69724771,3.899082569,1.376146789,8.786610879,0.738217338,0.089952112,0.06981154,6.069037657,89.65022936,2016,0
Case Keenum,LA,60.86956522,2.795031056,3.416149068,6.666666667,0.891815235,0.015017466,-0.11165229,5.060869565,76.37163561,2016,0
Russell Wilson,SEA,64.85148515,4.125412541,2.145214521,7.19754977,0.879261631,0.111223753,0.098473633,6.522205207,93.03492849,2016,0
Kirk Cousins,WAS,66.99669967,4.125412541,1.98019802,3.656597774,0.933371298,0.159472392,0.190004702,7.451510334,97.22222222,2016,0
Robert Griffin,CLE,59.18367347,1.360544218,2.040816327,13.01775148,0.694901961,0.017940873,-0.174748142,3.863905325,72.54818594,2016,0
Andrew Luck,IND,63.48623853,5.688073394,2.385321101,6.996587031,0.948333706,0.112188196,0.10976641,6.837883959,96.42584098,2016,0
Brock Osweiler,HOU,58.7826087,2.956521739,3.304347826,4.958677686,0.673970379,0.013271927,-0.113124284,4.27107438,71.22826087,2016,0
Ryan Tannehill,MIA,67.09511568,4.884318766,3.084832905,6.937799043,0.980039267,0.081887228,0.028193687,6.265550239,93.50364182,2016,0
Matt Barkley,CHI,59.72222222,3.703703704,6.481481481,2.702702703,0.708443272,0.062599736,-0.005531399,4.945945946,68.26774691,2016,0
Derek Carr,LV,63.75,5,1.071428571,2.777777778,0.906516233,0.098709091,0.134601153,7.201388889,96.70386905,2016,0
Blake Bortles,JAX,58.88,3.68,2.56,5.159332322,0.759727626,0.027332584,-0.079543557,5.232169954,78.78333333,2016,0
Jameis Winston,TB,60.84656085,4.938271605,3.174603175,5.813953488,0.708102493,0.097840426,0.091691944,5.981727575,86.07804233,2016,0
Bryce Petty,NYJ,56.39097744,2.255639098,5.263157895,8.904109589,0.692044482,-0.009980049,-0.268171051,3.253424658,60.0093985,2016,0
Trevor Siemian,DEN,59.46502058,3.703703704,2.057613169,5.996131528,0.832354381,0.065643767,0.032709046,6.042553191,84.56790123,2016,0
Marcus Mariota,TEN,61.19733925,5.764966741,1.99556541,4.852320675,0.788674033,0.115919427,0.135098843,7.141350211,95.63470067,2016,0
Carson Wentz,PHI,62.43822076,2.635914333,2.306425041,5.15625,0.83709606,0.051464981,0.015907276,5.0921875,79.25247117,2016,0
Dak Prescott,DAL,67.40442656,5.23138833,1.006036217,5.152671756,0.955234657,0.173772278,0.257972497,7.84351145,104.7744802,2016,0
Cody Kessler,CLE,65.64102564,3.076923077,1.025641026,9.722222222,0.963014655,0.110944962,0.108423887,5.87962963,92.2542735,2016,0
Jared Goff,LA,54.63414634,2.43902439,3.414634146,11.25541126,0.772888573,-0.03140075,-0.422973088,2.822510823,63.64837398,2016,0
Matt Hasselbeck,IND,60.9375,3.515625,1.953125,5.882352941,0.889473684,0.053286654,-4.42E-04,5.676470588,83.95182292,2015,0
Peyton Manning,DEN,58.86524823,2.600472813,4.255319149,5.580357143,0.701383648,0.008814421,-0.129755204,4.526785714,69.53802206,2015,0
Tom Brady,NE,63.29639889,5.40166205,1.246537396,5.497382199,0.952397806,0.111207455,0.174387519,7.217277487,98.70152355,2015,0
Drew Brees,NO,68.261563,5.103668262,1.754385965,4.711246201,0.992257539,0.126569687,0.168331107,7.26443769,101.0333599,2015,0
Josh McCown,CLE,63.69863014,4.109589041,1.369863014,7.301587302,0.930714916,0.089044208,0.053639599,6.450793651,93.25057078,2015,0
Carson Palmer,ARI,63.10679612,6.310679612,2.750809061,4.776579353,0.793686754,0.170420249,0.233468365,7.842835131,99.6763754,2015,0
Tony Romo,DAL,68.59504132,4.132231405,5.785123967,4.724409449,1.029103609,0.073257647,-0.083061455,4.992125984,79.35606061,2015,0
Eli Manning,NYG,62.62135922,5.663430421,2.265372168,4.186046512,0.949443016,0.085386807,0.092026801,6.736434109,93.5881877,2015,0
Ben Roethlisberger,PIT,67.22532588,4.096834264,2.979515829,4.618117229,0.862557427,0.157315007,0.183497443,7.158081705,94.30865922,2015,0
Philip Rivers,LAC,66.11195159,4.387291982,1.966717095,5.706134094,1.007993269,0.102525169,0.099731563,6.452211127,93.8130358,2015,0
Alex Smith,KC,65.12915129,4.05904059,1.47601476,8.291032149,1.047542735,0.089978375,0.063779239,6.340101523,93.88837638,2015,0
Aaron Rodgers,GB,60.12269939,5.36809816,1.380368098,6.857142857,0.775849602,0.076174767,0.003913991,6.082857143,91.75613497,2015,0
Matt Cassel,DAL,58.33333333,2.450980392,3.431372549,6.422018349,0.782822086,0.003237553,-0.184935209,4.472477064,70.62908497,2015,0
Ryan Fitzpatrick,NYJ,59.60854093,5.516014235,2.669039146,3.270223752,0.754881113,0.094048807,0.128603479,6.464716007,87.97449585,2015,0
Jay Cutler,CHI,64.38923395,4.347826087,2.277432712,5.6640625,0.90479723,0.106328637,0.057090154,6.70703125,92.30935128,2015,0
Matt Ryan,ATL,66.28664495,3.42019544,2.605863192,4.658385093,0.968361105,0.095774661,0.1297416,6.343167702,89.02008686,2015,0
Joe Flacco,BAL,64.40677966,3.389830508,2.905569007,3.72960373,0.918394209,0.054817201,0.014739371,5.610722611,83.10633575,2015,0
Matthew Stafford,DET,67.22972973,5.405405405,2.195945946,6.918238994,1.115706806,0.079816116,0.043187396,6.393081761,96.97353604,2015,0
Brian Hoyer,HOU,59.30521092,4.714640199,2.729528536,6.496519722,0.715926893,0.025366319,-0.028708091,5.610208817,84.19665012,2015,0
Jimmy Clausen,BAL,57.6,1.6,3.2,5.303030303,0.674885845,0.002714255,-0.285781979,4.25,66.71666667,2015,0
Sam Bradford,PHI,65.03759398,3.571428571,2.631578947,5,1.004855678,0.052009765,0.007724352,5.848214286,86.39567669,2015,0
Cam Newton,CAR,59.55631399,6.484641638,2.04778157,6.53907496,0.76,0.10757258,0.158890014,7.09569378,97.49004551,2015,1
Blaine Gabbert,SF,63.12056738,3.546099291,2.482269504,8.143322476,1.00197336,0.021899146,-0.109477328,5.706840391,86.17021277,2015,0
Andy Dalton,CIN,66.06217617,6.476683938,1.813471503,4.926108374,0.939306358,0.173294653,0.301049584,8.169950739,106.25,2015,0
Colin Kaepernick,SF,59.01639344,2.459016393,2.049180328,10.29411765,0.861333333,0.008274487,-0.1122143,4.941176471,78.50068306,2015,0
Ryan Mallett,BAL,55.73770492,2.049180328,2.459016393,2.4,0.645098986,7.78E-04,-0.071060351,4.536,67.93032787,2015,0
Tyrod Taylor,BUF,63.68421053,5.263157895,1.578947368,8.653846154,0.75931949,0.109210007,0.148934522,7.098557692,99.39692982,2015,0
Case Keenum,LA,60.8,3.2,0.8,3.100775194,0.82061447,0.05061517,0.083115399,6.472868217,87.68333333,2015,0
Kellen Moore,DAL,58.65384615,3.846153846,5.769230769,4.587155963,0.872340426,0.018942606,-0.004697905,5.19266055,70.95352564,2015,0
Russell Wilson,SEA,66.96588869,6.822262118,1.97486535,8.538587849,0.931551901,0.171007547,0.218527284,7.353037767,106.3023639,2015,0
Nick Foles,LA,56.37982196,2.077151335,2.96735905,3.988603989,0.758034725,-0.012721248,-0.264591957,4.683760684,68.99727992,2015,0
Kirk Cousins,WAS,69.26994907,5.093378608,1.867572156,5.152979066,0.949714769,0.13462842,0.145301577,7.012882448,100.8029145,2015,0
Andrew Luck,IND,55.29010239,5.119453925,4.09556314,4.87012987,0.666076487,0.025055623,-0.026776212,5.042207792,74.90756542,2015,0
Brandon Weeden,HOU,69.28571429,3.571428571,1.428571429,6.666666667,1.026574803,0.145532865,0.086879935,6.506666667,96.81547619,2015,0
Brock Osweiler,DEN,61.81818182,3.636363636,2.181818182,7.718120805,0.812138728,0.05492552,0.018574815,5.859060403,86.43181818,2015,0
Ryan Tannehill,MIA,61.94539249,4.09556314,2.04778157,7.131537242,0.817722503,0.058249108,-0.004925968,5.908082409,88.74431172,2015,0
Teddy Bridgewater,MIN,65.60509554,2.972399151,1.910828025,9.073359073,1.008661888,0.088545048,-0.005916195,5.644787645,88.57484076,2015,0
Zach Mettenberger,TEN,60.84337349,2.409638554,4.21686747,7.262569832,0.731611894,0.017098617,-0.375746846,3.363128492,66.71686747,2015,0
Derek Carr,LV,61.08202443,5.584642234,2.268760908,5.132450331,0.872428884,0.050505009,-0.006268908,6.311258278,91.13947062,2015,0
AJ McCarron,CIN,63.75,4.375,1.875,8.571428571,0.827639752,0.084843497,0.009406749,5.622857143,89.73958333,2015,0
Blake Bortles,JAX,58.58085809,5.775577558,2.97029703,7.762557078,0.796402878,0.05325879,0.006034238,6.085235921,88.22194719,2015,0
Johnny Manziel,CLE,57.84753363,3.139013453,2.242152466,7.851239669,0.820120284,0.028500354,-0.072918488,5.26446281,79.43759342,2015,0
Jameis Winston,TB,58.31775701,4.112149533,2.803738318,4.804270463,0.756928839,0.095221012,0.092031428,6.43594306,84.18613707,2015,0
Marcus Mariota,TEN,62.16216216,5.135135135,2.702702703,9.31372549,0.821334888,0.080571407,-0.008610342,6.102941176,91.47522523,2015,0
Peyton Manning,DEN,65.47433904,6.220839813,2.33281493,2.870090634,0.890371439,0.121740275,0.161411562,7.453172205,99.65979782,2014,0
Tom Brady,NE,64.9930265,5.9972106,1.813110181,3.369272237,0.88884962,0.136851654,0.211688187,6.936657682,97.91085542,2014,0
Mike Vick,NYJ,52.89256198,2.479338843,1.652892562,13.57142857,0.572511848,0.003349051,-0.400159561,3.492857143,68.33677686,2014,0
Drew Brees,NO,69.19575114,5.007587253,2.579666161,4.215116279,0.976340694,0.1390821,0.156342622,6.774709302,96.99987355,2014,0
Shaun Hill,LA,63.31877729,3.493449782,3.056768559,7.287449393,0.916989485,0.015704586,-0.104361632,5.611336032,83.90647744,2014,0
Josh McCown,TB,56.26911315,3.363914373,4.281345566,9.917355372,0.6750306,0.021116724,-0.090048975,4.300275482,70.45744139,2014,0
Carson Palmer,ARI,62.94642857,4.910714286,1.339285714,3.862660944,0.793170732,0.113067899,0.146514925,7.090128755,95.57291667,2014,0
Tony Romo,DAL,69.69072165,7.835051546,1.855670103,7.442748092,0.974866186,0.202552908,0.323527242,8.124045802,114.5317869,2014,0
Eli Manning,NYG,63.06156406,4.991680532,2.329450915,4.451510334,0.890369473,0.098765927,0.110496969,6.666136725,92.14156961,2014,0
Ben Roethlisberger,PIT,67.22817764,5.053598775,1.684532925,5.499276411,0.939065553,0.157171898,0.230634135,7.586107091,101.6622001,2014,0
Philip Rivers,LAC,66.49122807,5.438596491,3.157894737,5.940594059,0.883165053,0.130013121,0.136571348,6.447194719,93.79385965,2014,0
Alex Smith,KC,65.30172414,3.879310345,1.293103448,8.84086444,1.208364175,0.090537698,0.136773849,6.141453831,93.36386494,2014,0
Aaron Rodgers,GB,65.19524618,7.130730051,1.188455008,5,1.013935108,0.180714147,0.294578507,8.387096774,109.7163271,2014,1
Kyle Orton,BUF,64.20581655,4.026845638,2.237136465,6.875,0.952050473,0.05293787,0.016378393,5.6875,87.82158837,2014,0
Ryan Fitzpatrick,HOU,63.14102564,5.448717949,2.564102564,6.306306306,0.938397581,0.100621867,0.153379721,7.147147147,95.3392094,2014,0
Jay Cutler,CHI,65.95365419,4.991087344,3.20855615,6.343906511,0.928397467,0.061756629,-0.051035413,5.574290484,88.62522282,2014,0
Charlie Whitehurst,TEN,56.75675676,3.783783784,1.081081081,8.866995074,0.766031196,0.024927919,-0.019962344,6.270935961,87.3536036,2014,0
Drew Stanton,ARI,55,2.916666667,2.083333333,4.38247012,0.644201807,0.051567908,0.018776922,6.215139442,78.66319444,2014,0
Matt Ryan,ATL,66.08280255,4.458598726,2.229299363,4.704097117,0.967236761,0.105897732,0.114406813,6.705614568,93.86942675,2014,0
Joe Flacco,BAL,62.10191083,5.25477707,2.229299363,3.086419753,0.84535122,0.120254947,0.156082019,6.770061728,92.16427813,2014,0
Matthew Stafford,DET,60.71428571,3.571428571,2.01863354,6.936416185,0.896457232,0.048961844,0.052249236,6.047687861,85.80486542,2014,0
Brian Hoyer,CLE,55.25114155,2.739726027,2.96803653,5.194805195,0.733406836,0.012823829,-0.004240061,6.106060606,76.53158295,2014,0
Mark Sanchez,PHI,64.0776699,4.530744337,3.55987055,6.927710843,0.936483346,0.091686459,0.125566487,6.180722892,88.35625674,2014,0
Colt McCoy,WAS,71.09375,3.125,2.34375,11.72413793,1.153930131,0.080586672,-0.002334162,6.103448276,96.38671875,2014,0
Cam Newton,CAR,58.72093023,4.263565891,2.906976744,7.360861759,0.714342869,0.050891667,-0.049022552,5.421903052,81.95251938,2014,0
Jake Locker,TEN,58.90410959,3.424657534,4.794520548,8.75,0.707769066,0.025453619,-0.222279726,4.33125,70.94748858,2014,0
Andy Dalton,CIN,63.37209302,3.682170543,3.294573643,4.444444444,0.87555446,0.060480267,-0.020388396,5.616666667,82.13016796,2014,0
Colin Kaepernick,SF,60.46025105,3.974895397,2.092050209,9.811320755,0.729062973,0.05238053,0.006835682,5.575471698,86.36680614,2014,0
Austin Davis,LA,63.38028169,4.225352113,3.169014085,9.265175719,0.827885809,0.032487893,-0.11696079,5.293929712,85.1379108,2014,0
Russell Wilson,SEA,62.21374046,4.961832061,2.290076336,9.027777778,0.898181818,0.129566694,0.097216141,6.734375,94.31456743,2014,0
Ryan Lindley,ARI,50.41322314,2.479338843,4.958677686,7.633587786,0.456737589,-0.031350316,-0.274664905,2.72519084,53.87396694,2014,0
Nick Foles,PHI,59.80707395,4.180064309,3.215434084,2.8125,0.721240413,0.061801334,0.033757739,5.934375,81.43756699,2014,0
Kirk Cousins,WAS,61.76470588,4.901960784,4.411764706,3.773584906,0.960134756,0.070682244,0.068045397,6.768867925,86.4379085,2014,0
Robert Griffin,WAS,68.69158879,1.869158879,2.803738318,13.36032389,1.149253731,0.045641145,-0.144800099,5.170040486,86.85747664,2014,0
Andrew Luck,IND,61.14130435,5.842391304,2.717391304,3.664921466,0.836688361,0.104134452,0.129298251,6.962041885,92.48188406,2014,0
Ryan Tannehill,MIA,66.44067797,4.576271186,2.033898305,7.232704403,0.899288573,0.093916453,0.048171261,5.830188679,92.79661017,2014,0
Mike Glennon,TB,57.63546798,4.926108374,2.955665025,7.305936073,0.642339075,0.042741106,-0.002647171,5.735159817,83.30254516,2014,0
EJ Manuel,BUF,58.01526718,3.816793893,2.290076336,4.379562044,0.861253854,0.004975517,-0.115818095,5.540145985,80.26399491,2014,0
Geno Smith,NYJ,59.67302452,3.542234332,3.542234332,7.088607595,0.839428191,0.03782678,-0.031235455,5.126582278,77.52611262,2014,0
Teddy Bridgewater,MIN,64.4278607,3.731343284,2.985074627,8.843537415,0.929913985,0.058037392,-0.004972866,5.510204082,86.02819237,2014,0
Zach Mettenberger,TEN,59.77653631,4.469273743,3.910614525,9.137055838,0.918672739,0.011923073,-0.163010303,5.680203046,83.36824953,2014,0
Derek Carr,LV,58.09682805,3.505843072,2.003338898,3.852327448,0.701114923,-0.005848287,-0.102686662,4.817014446,76.58249861,2014,0
Blake Bortles,JAX,58.94736842,2.315789474,3.578947368,10.37735849,0.874323512,-0.011451431,-0.238332902,3.80754717,69.52192982,2014,0
Peyton Manning,DEN,68.74205845,7.623888183,1.65184244,2.357320099,1.046705998,0.203825647,0.359477779,8.537220844,111.7137865,2013,1
Tom Brady,NE,60.34732272,3.762662808,1.591895803,5.986394558,0.815228426,0.093908857,0.120331243,6.194557823,87.33417752,2013,0
Mike Vick,PHI,54.60992908,3.546099291,2.127659574,9.615384615,0.793598955,0.079791394,0.013037101,6.929487179,86.45094563,2013,0
Drew Brees,NO,67.77316736,5.670816044,1.93637621,5.242463958,0.980967078,0.146482337,0.210438039,7.415465269,102.3657215,2013,0
Josh McCown,CHI,66.51785714,5.803571429,0.446428571,4.680851064,1.033917467,0.210376869,0.366133557,8.540425532,109.0215774,2013,0
Carson Palmer,ARI,63.28671329,4.195804196,3.846153846,6.688417618,0.811621724,0.093208329,0.023241367,5.668841762,83.91608392,2013,0
Tony Romo,DAL,63.92523364,5.794392523,1.869158879,6.140350877,0.901129944,0.093479401,0.114473786,6.536842105,96.69392523,2013,0
Matt Schaub,HOU,61.17318436,2.793296089,3.910614525,5.540897098,0.826180258,0.023315628,-0.090304179,4.53298153,72.9632216,2013,0
Eli Manning,NYG,57.53176044,3.266787659,4.900181488,6.610169492,0.72848693,0.022122781,-0.083988698,4.545762712,69.37008469,2013,0
Ben Roethlisberger,PIT,64.21232877,4.794520548,2.397260274,6.709265176,0.864650974,0.104162139,0.10389032,6.244408946,91.98772831,2013,0
Philip Rivers,LAC,69.50596252,5.962521295,1.873935264,5.627009646,1.057675439,0.198843742,0.318307727,7.795819936,106.3067859,2013,0
Alex Smith,KC,61.01083032,4.873646209,1.263537906,6.890756303,1.014010989,0.07285426,0.064109512,6.203361345,91.66666667,2013,0
Aaron Rodgers,GB,66.4556962,5.696202532,1.898734177,7.331378299,1.032343988,0.189680724,0.312886102,7.818181818,104.3117089,2013,0
Jason Campbell,CLE,56.78233438,3.470031546,2.523659306,4.804804805,0.844155844,0.020020286,-0.076809676,5.339339339,76.93874869,2013,0
Matt Cassel,MIN,60.23622047,4.330708661,3.543307087,5.925925926,0.842424242,0.042848506,-0.046758195,5.692592593,81.59448819,2013,0
Ryan Fitzpatrick,TEN,62,4,3.428571429,5.660377358,0.815011624,0.105089171,0.076856139,5.619946092,82.01190476,2013,0
Jay Cutler,CHI,63.09859155,5.352112676,3.38028169,5.080213904,0.803741184,0.115902557,0.03315877,6.227272727,89.1842723,2013,0
Kellen Clemens,LA,58.67768595,3.305785124,2.892561983,7.984790875,0.788035798,0.013687621,-0.069954736,5.247148289,78.75344353,2013,0
Matt Ryan,ATL,67.43471582,3.993855607,2.611367127,6.330935252,1.017120973,0.102028757,0.055133369,5.715107914,89.60893497,2013,0
Joe Flacco,BAL,58.95765472,3.094462541,3.583061889,7.250755287,0.67987487,0.045715967,-0.060703226,4.498489426,73.14739414,2013,0
Chad Henne,JAX,60.6361829,2.584493042,2.783300199,7.024029575,0.992345377,0.019383576,-0.069491352,4.85767098,76.47862823,2013,0
Matt Flynn,GB,62,4,2.5,10.71428571,0.97752809,0.032528981,-0.128274833,5.321428571,85.66666667,2013,0
Matthew Stafford,DET,58.51735016,4.574132492,2.996845426,3.500761035,0.88723526,0.070211477,0.089310842,6.403348554,84.16798107,2013,0
Josh Freeman,MIN,42.85714286,1.360544218,2.721088435,5.161290323,0.481950602,-0.051455723,-0.253094532,3.612903226,52.56519274,2013,0
Thad Lewis,BUF,59.23566879,2.547770701,1.910828025,10.28571429,0.781675018,0.028634155,0.00244018,5.354285714,80.95806794,2013,0
Sam Bradford,LA,60.6870229,5.34351145,1.526717557,5.415162455,0.924890351,0.053676676,-0.00781904,6.101083032,90.9351145,2013,0
Cam Newton,CAR,61.84738956,5.020080321,3.012048193,8.791208791,0.814384633,0.101132068,0.066159724,5.677655678,88.31157965,2013,0
Jake Locker,TEN,60.6557377,4.371584699,2.18579235,8.040201005,0.70246085,0.086342329,0.040339177,5.683417085,86.6917122,2013,0
Christian Ponder,MIN,63.59832636,2.928870293,3.765690377,10.15037594,0.80744733,0.061923476,-0.096391095,4.751879699,77.88528591,2013,0
Andy Dalton,CIN,61.53846154,5.337519623,3.453689168,4.783258595,0.847591134,0.100654522,0.091491016,6.168908819,87.03231293,2013,0
Colin Kaepernick,SF,57.8313253,4.819277108,2.208835341,8.287292818,0.778901734,0.10028025,0.131898731,6.447513812,88.70481928,2013,0
Case Keenum,HOU,54.15019763,3.557312253,2.371541502,6.985294118,0.783266578,-0.004275383,-0.125368179,5.400735294,78.17028986,2013,0
Russell Wilson,SEA,63.15789474,6.105263158,1.894736842,9.69581749,0.880045351,0.138718537,0.177225793,7.152091255,101.2149123,2013,0
Nick Foles,PHI,64.57142857,8.285714286,0.571428571,7.894736842,0.963471745,0.184348897,0.302905086,8.905263158,117.8690476,2013,0
Kirk Cousins,WAS,52.25806452,2.580645161,4.516129032,3.125,0.687047466,-0.038147637,-0.204169642,3.66875,58.37365591,2013,0
Robert Griffin,WAS,60.0877193,3.50877193,2.631578947,7.692307692,0.811091416,0.047532217,0.016645544,5.483805668,82.15460526,2013,0
Andrew Luck,IND,59.75609756,4.420731707,2.43902439,5.202312139,0.82012848,0.085725957,0.043661114,6.080924855,85.6453252,2013,0
Brandon Weeden,CLE,52.80898876,3.370786517,3.370786517,9.183673469,0.697983871,0.002235253,-0.158889484,4.510204082,70.29494382,2013,0
Ryan Tannehill,MIA,60.37414966,4.081632653,2.891156463,8.978328173,0.702135295,0.054099325,2.16E-04,4.998452012,81.68225624,2013,0
Matt McGloin,LV,55.92417062,3.791469194,3.791469194,2.764976959,0.846280088,0.043854951,0.020144777,5.963133641,76.07622433,2013,0
Mike Glennon,TB,59.375,4.567307692,2.163461538,8.771929825,0.719646799,0.034496676,-0.081577421,4.975877193,83.89423077,2013,0
EJ Manuel,BUF,58.82352941,3.594771242,2.941176471,8.383233533,0.786911413,0.0188195,-0.138647677,4.874251497,77.68246187,2013,0
Geno Smith,NYJ,55.75620767,2.708803612,4.740406321,8.847736626,0.768609639,0.019529137,-0.134934107,4.16872428,66.47385252,2013,0
Matt Hasselbeck,TEN,62.44343891,3.167420814,2.262443439,5.957446809,0.800820152,0.038569994,-0.067223122,5.017021277,81.02375566,2012,0
Peyton Manning,DEN,68.37060703,6.389776358,2.076677316,3.692307692,0.962465967,0.195851473,0.264026322,7.707692308,104.6458999,2012,0
Tom Brady,NE,62.24350205,5.335157319,1.367989056,3.689064559,0.877998081,0.158285944,0.283197444,7.417654809,97.33527132,2012,0
Mike Vick,PHI,58.11965812,3.418803419,2.849002849,7.387862797,0.759241401,0.059354009,-0.006412,5.274406332,78.08048433,2012,0
Drew Brees,NO,62.98507463,6.417910448,2.835820896,3.735632184,0.946781273,0.126467482,0.171171787,7.172413793,96.34328358,2012,0
Carson Palmer,LV,61.0619469,3.89380531,2.477876106,4.399323181,0.852716469,0.075654132,0.029931286,6.140439932,85.25442478,2012,0
Tony Romo,DAL,65.58641975,4.320987654,2.932098765,5.263157895,0.85791776,0.11705071,0.129184843,6.352339181,90.45138889,2012,0
Matt Schaub,HOU,65.24486572,3.791469194,2.211690363,4.236006051,0.945674457,0.10691031,0.133477746,6.411497731,90.24157451,2012,0
Eli Manning,NYG,59.8880597,4.850746269,2.798507463,3.423423423,0.770792659,0.110015546,0.107240993,6.589189189,87.18905473,2012,0
Ben Roethlisberger,PIT,63.25167038,5.79064588,1.781737194,6.263048017,0.881479482,0.123462039,0.151344849,6.770354906,96.97011878,2012,0
Philip Rivers,LAC,64.13662239,4.933586338,2.84629981,8.506944444,0.910606061,0.076620662,-0.004091684,5.451388889,88.62666034,2012,0
Alex Smith,SF,70.18348624,5.963302752,2.293577982,9.917355372,1.037634409,0.130731865,0.153952592,6.756198347,104.0902141,2012,0
Aaron Rodgers,GB,67.30769231,6.730769231,1.442307692,8.100147275,0.954509494,0.162570701,0.206298035,7.268041237,106.8242521,2012,0
Matt Cassel,KC,58.12274368,2.166064982,4.332129964,6.418918919,0.781549173,0.019467096,-0.140509253,4.307432432,66.70427196,2012,0
Ryan Fitzpatrick,BUF,60.59405941,4.752475248,3.168316832,5.607476636,0.870455709,0.059106665,0.017217689,5.605607477,83.27145215,2012,0
Jay Cutler,CHI,58.75576037,4.377880184,3.225806452,8.050847458,0.68295429,0.056662274,-0.050088389,5.366525424,81.3172043,2012,0
Brady Quinn,KC,56.85279188,1.015228426,4.060913706,9.633027523,0.704320988,0.005268319,-0.388952023,3.201834862,60.0571066,2012,0
Kevin Kolb,ARI,59.56284153,4.371584699,1.639344262,12.85714286,0.808437068,0.002373776,-0.115112475,4.928571429,86.07695811,2012,0
Matt Ryan,ATL,68.78612717,5.49132948,2.456647399,4.022191401,0.905638082,0.170528748,0.239503184,7.142857143,99.7772158,2012,0
Joe Flacco,BAL,59.36073059,5.02283105,1.522070015,5.873925501,0.720284801,0.099496174,0.100106241,7.022922636,93.38850837,2012,0
Chad Henne,JAX,53.8961039,3.571428571,3.571428571,8.333333333,0.743754461,-0.001177004,-0.145846186,4.880952381,72.21320346,2012,0
Matthew Stafford,DET,59.8349381,2.751031637,2.338376891,3.835978836,0.786290961,0.069187671,0.044624103,5.806878307,79.84009629,2012,0
Mark Sanchez,NYJ,54.30463576,2.869757174,3.973509934,6.981519507,0.709225092,-0.00771949,-0.1409896,4.361396304,66.86442237,2012,0
Josh Freeman,TB,54.83870968,4.838709677,3.046594982,4.452054795,0.728625202,0.045903985,0.0456721,6.299657534,81.57108722,2012,0
John Skelton,ARI,54.22885572,0.995024876,4.47761194,6.944444444,0.739386022,-0.024540035,-0.334984139,3.097222222,55.40008292,2012,0
Sam Bradford,LA,59.52813067,3.811252269,2.359346642,5.972696246,0.821388951,0.045294516,5.11E-04,5.638225256,82.55822747,2012,0
Cam Newton,CAR,57.73195876,3.917525773,2.474226804,6.909788868,0.857681224,0.104751045,0.113315578,6.650671785,86.18127148,2012,0
Jake Locker,TEN,56.36942675,3.184713376,3.503184713,7.374631268,0.71791488,0.020124636,-0.076985708,5.103244838,73.95169851,2012,0
Blaine Gabbert,JAX,58.27338129,3.237410072,2.158273381,7.333333333,0.75752051,-0.001407621,-0.137048505,4.713333333,77.35311751,2012,0
Christian Ponder,MIN,62.11180124,3.726708075,2.48447205,6.213592233,0.877691388,0.044656013,-0.018566269,4.99223301,81.23274672,2012,0
Andy Dalton,CIN,61.46953405,4.838709677,3.046594982,7.920792079,0.781391519,0.060192,-0.032019091,5.5,85.08811231,2012,0
Colin Kaepernick,SF,62.08053691,4.697986577,1.677852349,6.5830721,0.838523274,0.166736479,0.254122413,7.909090909,99.00727069,2012,0
Russell Wilson,SEA,63.95604396,6.373626374,2.417582418,8.080808081,0.804272014,0.164337648,0.215831609,7.119191919,100.3434066,2012,0
Ryan Lindley,ARI,52.04678363,0,4.093567251,6.557377049,0.53485064,-0.03285532,-0.514280605,1.890710383,46.72270955,2012,0
Nick Foles,PHI,60.75471698,2.264150943,1.886792453,7.01754386,0.785120148,0.044941093,-0.059706086,5.133333333,79.11163522,2012,0
Robert Griffin,WAS,65.04854369,5.339805825,1.45631068,7.207207207,0.943678161,0.148166537,0.205088045,7.254504505,101.2338188,2012,0
Andrew Luck,IND,53.89133627,3.377386197,2.790014684,6.068965517,0.680186752,0.062415273,0.007998772,5.517241379,75.1499021,2012,0
Brandon Weeden,CLE,57.44680851,2.707930368,3.288201161,5.137614679,0.880364109,0.015783959,-0.058787339,4.979816514,72.56205674,2012,0
Ryan Tannehill,MIA,58.26446281,2.479338843,2.685950413,6.743737958,0.801264899,0.038747017,-0.044888396,5.231213873,76.06749311,2012,0
Matt Hasselbeck,TEN,61.58301158,3.474903475,2.702702703,3.538175047,0.864858319,0.06588192,0.015248996,5.862197393,82.44851995,2011,0
Donovan McNabb,MIN,60.25641026,2.564102564,1.282051282,9.302325581,0.833468725,0.019096798,-0.111892125,5.25,82.90598291,2011,0
Tom Brady,NE,65.92797784,6.509695291,2.216066482,4.623513871,1.012253684,0.189675743,0.329942638,8.117569353,104.7668513,2011,0
Mike Vick,PHI,59.8108747,4.255319149,3.309692671,5.156950673,0.851727695,0.109368306,0.113828626,6.51793722,84.85520095,2011,0
Drew Brees,NO,70.90432503,6.946264744,2.096985583,3.661616162,1.088005437,0.209385267,0.346618063,8.272727273,110.5586501,2011,0
Carson Palmer,LV,60.67073171,3.963414634,4.87804878,4.927536232,0.812334022,0.09309823,0.104768444,6.301449275,80.50050813,2011,0
Tony Romo,DAL,66.2835249,5.938697318,1.915708812,6.451612903,1.04079602,0.140424166,0.179989307,7.396057348,102.5303321,2011,0
Seneca Wallace,CLE,51.40186916,1.869158879,1.869158879,5.309734513,0.688942892,-0.032265423,-0.192277632,4.309734513,65.44003115,2011,0
Rex Grossman,WAS,57.86026201,3.493449782,4.366812227,5.175983437,0.761294999,0.04167319,-0.033184188,4.906832298,72.41630277,2011,0
Matt Schaub,HOU,60.95890411,5.136986301,2.054794521,5.194805195,1.006496143,0.126684975,0.217043673,7.827922078,96.81792237,2011,0
Eli Manning,NYG,61.83510638,5.053191489,2.260638298,4.930467762,0.863196296,0.135570042,0.180678607,7.424778761,95.12411348,2011,0
Ben Roethlisberger,PIT,62.56781193,3.978300181,2.712477396,7.525083612,0.833842628,0.115966273,0.147983836,6.382943144,89.07851115,2011,0
Philip Rivers,LAC,62.88659794,4.639175258,3.436426117,4.901960784,0.885484489,0.139005408,0.174723734,6.64379085,88.73854525,2011,0
Alex Smith,SF,60.23391813,4.288499025,0.974658869,9.042553191,0.923838538,0.055973212,0.034756956,6.273049645,92.06871345,2011,0
Aaron Rodgers,GB,67.33576642,8.576642336,1.277372263,6.802721088,0.991713824,0.225318634,0.406762043,8.996598639,118.7728102,2011,1
Jason Campbell,LV,60.60606061,3.636363636,2.424242424,2.941176471,0.703125,0.116666312,0.123131854,6.417647059,84.1540404,2011,0
Kyle Orton,KC,59.52380952,3.571428571,3.571428571,3.816793893,0.887430591,0.070072578,0.069344782,5.645038168,77.77777778,2011,0
Dan Orlovsky,IND,63.21243523,3.10880829,2.07253886,6.763285024,0.814237288,0.0832511,0.025349558,5.106280193,82.41580311,2011,0
Matt Cassel,KC,59.4795539,3.717472119,3.345724907,7.560137457,0.700900164,0.027470793,-0.077416389,4.76975945,76.63413879,2011,0
Ryan Fitzpatrick,BUF,62.03866432,4.217926186,4.042179262,3.72250423,0.88806489,0.071290802,-0.010869676,5.294416244,79.06048623,2011,0
Vince Young,PHI,57.89473684,3.50877193,7.894736842,6.557377049,0.669760247,0.039127881,-0.050444041,4.155737705,60.78216374,2011,0
Jay Cutler,CHI,57.96178344,4.140127389,2.229299363,6.824925816,0.842353796,0.057022798,0.01447096,6.246290801,85.66878981,2011,0
Tarvaris Jackson,SEA,60.22222222,3.111111111,2.888888889,8.536585366,0.778785588,0.053197674,-0.028864475,5.067073171,79.22222222,2011,0
Tyler Palko,KC,59.70149254,1.492537313,5.223880597,7.586206897,0.824870466,0.011093056,-0.197079506,3.020689655,59.79477612,2011,0
Kevin Kolb,ARI,57.70750988,3.557312253,3.162055336,10.60070671,0.957394711,0.022963184,-0.031736056,5.498233216,81.05237154,2011,0
John Beck,WAS,60.60606061,1.515151515,3.03030303,10.81081081,0.78213309,0.013224054,-0.171271765,4.283783784,72.0959596,2011,0
Matt Moore,MIA,60.51873199,4.610951009,2.593659942,9.399477807,0.719389225,0.078421708,0.010810456,5.699738903,87.0617195,2011,0
Caleb Hanie,CHI,50,2.941176471,8.823529412,15.70247934,0.662702703,-0.007766515,-0.600622442,1.115702479,41.83006536,2011,0
Matt Ryan,ATL,61.12026359,4.777594728,1.97693575,4.409448819,0.806041628,0.110590298,0.138448122,6.656692913,90.74341021,2011,0
Joe Flacco,BAL,57.52066116,3.966942149,2.148760331,6.055900621,0.714759825,0.077583715,0.053485679,5.782608696,82.46900826,2011,0
Chad Henne,MIA,57.14285714,3.571428571,3.571428571,8.943089431,0.844357977,0.104636415,0.05056129,5.699186992,79.01785714,2011,0
Matthew Stafford,DET,63.59773371,6.232294618,2.549575071,4.851752022,0.919395893,0.11119786,0.164348009,7.049865229,97.20845137,2011,0
Mark Sanchez,NYJ,56.72191529,4.788213628,3.314917127,6.701030928,0.792427007,0.020374641,-0.106786627,5.053264605,78.15761203,2011,0
Josh Freeman,TB,62.79491833,2.903811252,3.992740472,5,0.897102897,0.032460248,-0.068630379,4.755172414,74.61811857,2011,0
Curtis Painter,IND,54.32098765,2.469135802,3.703703704,6.177606178,0.757620452,-0.018956665,-0.186569426,4.447876448,66.5723594,2011,0
Colt McCoy,CLE,57.23542117,3.023758099,2.375809935,6.464646465,0.807862844,0.018947042,-0.075267721,4.737373737,74.55453564,2011,0
John Skelton,ARI,54.90909091,4,5.090909091,7.718120805,0.726823708,-0.007408799,-0.180745294,4.5,68.9469697,2011,0
Sam Bradford,LA,53.50140056,1.680672269,1.680672269,9.160305344,0.661976139,-0.018710538,-0.222838687,4.493638677,70.52404295,2011,0
Cam Newton,CAR,59.96131528,4.061895551,3.288201161,6.34057971,0.825555329,0.101004209,0.093416281,6.242753623,84.53820116,2011,0
Blaine Gabbert,JAX,50.84745763,2.905569007,2.663438257,8.830022075,0.688432836,-0.03533648,-0.246872691,3.677704194,65.38034705,2011,0
Christian Ponder,MIN,54.29553265,4.467353952,4.467353952,9.345794393,0.694788151,-0.008932309,-0.19397569,4.249221184,70.13888889,2011,0
Andy Dalton,CIN,58.60215054,3.584229391,2.867383513,4.778156997,0.796817092,0.04742955,-0.015542147,5.361774744,78.21087216,2011,0
T.J. Yates,HOU,58.2010582,2.116402116,3.174603175,8.252427184,0.731182796,0.028322128,-0.031519265,4.95631068,72.89462081,2011,0
Kerry Collins,TEN,57.55395683,5.035971223,2.877697842,4.467353952,0.669482189,0.084710381,0.08820206,5.676975945,82.16426859,2010,0
Jake Delhomme,CLE,62.41610738,1.342281879,4.697986577,3.870967742,0.779267203,0.036124158,-0.297991603,3.535483871,63.38087248,2010,0
Brett Favre,MIN,60.61452514,3.072625698,5.30726257,5.789473684,0.818597064,0.018325008,-0.123920904,4.565789474,69.9255121,2010,0
Matt Hasselbeck,SEA,59.80952381,3.619047619,3.428571429,5.745062837,0.784841076,0.04959477,-0.013126367,5.213644524,77.72619048,2010,0
Jon Kitna,DAL,65.72327044,5.031446541,3.773584906,6.194690265,1.105140187,0.107088609,0.075559212,6.032448378,88.88888889,2010,0
Peyton Manning,IND,66.38297872,4.822695035,2.411347518,2.354570637,0.804081633,0.153503022,0.197391632,6.569252078,92.53841608,2010,0
Donovan McNabb,WAS,58.26271186,2.966101695,3.177966102,7.269155206,0.827290544,0.032878724,-0.015839066,5.326129666,77.09216102,2010,0
Tom Brady,NE,65.73556797,7.076350093,0.931098696,5.291005291,1.005026328,0.155684988,0.267464295,7.970017637,109.1519243,2010,1
Mike Vick,PHI,62.00980392,5.392156863,1.715686275,8.314606742,0.861306271,0.154763468,0.1723305,7.2,98.38643791,2010,0
Drew Brees,NO,67.82729805,4.874651811,3.064066852,3.494623656,0.925400626,0.141889577,0.140634296,6.10483871,91.24303621,2010,0
Shaun Hill,DET,61.77884615,3.846153846,2.884615385,3.926096998,0.897727273,0.064847547,0.043367769,5.434180139,81.27003205,2010,0
David Garrard,JAX,64.48087432,6.284153005,4.098360656,8.270676692,0.868212131,0.100678461,0.057746777,5.679197995,90.81284153,2010,0
Carson Palmer,CIN,61.77474403,4.436860068,3.412969283,4.248366013,0.80056463,0.084243504,0.061437045,5.537581699,82.35921502,2010,0
Tony Romo,DAL,69.48356808,5.164319249,3.286384977,3.181818182,1.036821705,0.11808942,0.119430611,6.677272727,94.9041471,2010,0
Seneca Wallace,CLE,63.36633663,3.96039604,1.98019802,5.607476636,0.828162291,0.084039904,0.05123997,6.08411215,88.46947195,2010,0
Rex Grossman,WAS,55.63909774,5.263157895,3.007518797,6.338028169,0.942430704,-0.003808964,-0.116564213,5.401408451,81.15601504,2010,0
Matt Schaub,HOU,63.58885017,4.181184669,2.090592334,5.280528053,0.989583333,0.104504728,0.134000045,6.739273927,92.02235772,2010,0
Eli Manning,NYG,62.89424861,5.751391466,4.638218924,2.882882883,0.803130644,0.10114397,0.080180896,6.09009009,85.2775201,2010,0
Ben Roethlisberger,PIT,61.25,4.375,1.875,7.869481766,0.827093703,0.135307364,0.155976434,6.850287908,93.07291667,2010,0
Philip Rivers,LAC,65.98890943,5.545286506,2.402957486,6.563039724,1.021248916,0.178015986,0.304429629,7.768566494,101.8214726,2010,0
Alex Smith,SF,59.64912281,4.093567251,2.923976608,6.811989101,0.932336743,0.037497414,-0.044401967,5.613079019,82.12719298,2010,0
Aaron Rodgers,GB,66.22734761,6.095551895,2.141680395,6.037151703,0.894117647,0.181576535,0.26893311,7.623839009,103.0992586,2010,0
Jason Campbell,LV,58.96656535,3.951367781,2.431610942,9.116022099,0.854942693,0.070982637,0.043017238,5.743093923,84.49214792,2010,0
Kyle Orton,DEN,58.83534137,4.016064257,1.807228916,6.390977444,0.797772439,0.066501864,0.064156336,6.40037594,87.5334672,2010,0
Derek Anderson,ARI,51.68195719,2.140672783,3.058103976,7.102272727,0.633435583,-0.020536523,-0.176358998,4.485795455,65.85754332,2010,0
Matt Cassel,KC,57.90598291,5.769230769,2.136752137,5.83501006,0.828608583,0.089453988,0.119111058,6.191146881,89.03133903,2010,0
Ryan Fitzpatrick,BUF,57.82312925,5.215419501,3.401360544,5.161290323,0.754716981,0.055948142,0.025209139,5.677419355,81.82634165,2010,0
Vince Young,TEN,59.61538462,6.41025641,1.923076923,7.692307692,0.685417804,0.121525506,0.146861303,7.337278107,98.63782051,2010,0
Jay Cutler,CHI,59.49367089,5.274261603,3.58649789,10.73446328,0.841568082,0.072978263,-0.027163032,5.617702448,86.19022504,2010,0
Bruce Gradkowski,LV,52.86624204,3.184713376,4.458598726,5.988023952,0.7629683,-0.012499975,-0.138162982,4.592814371,66.28184713,2010,0
Kevin Kolb,PHI,60.84656085,3.703703704,3.703703704,7.352941176,0.761450382,0.035095587,-0.075570137,4.524509804,76.09126984,2010,0
Drew Stanton,DET,57.98319328,3.361344538,2.521008403,4.8,0.924170616,0.031749516,0.014623633,5.464,78.41386555,2010,0
Trent Edwards,JAX,54.45544554,1.98019802,4.95049505,9.821428571,0.884550085,-0.00526388,-0.394269485,2.151785714,54.92986799,2010,0
Troy Smith,SF,50.34482759,3.448275862,2.75862069,11.04294479,0.805479452,0.01196542,-0.042404776,6.036809816,77.83045977,2010,0
Matt Moore,CAR,55.24475524,3.496503497,6.993006993,8.333333333,0.687249399,0.005439468,-0.259088854,2.673076923,55.60897436,2010,0
Matt Ryan,ATL,62.83333333,4.833333333,1.833333333,4.458598726,0.767910006,0.109367085,0.152771297,6.020700637,89.9375,2010,0
Joe Flacco,BAL,62.74864376,5.063291139,1.98915009,8.139534884,0.829096921,0.102089463,0.085376402,6.199335548,93.1924352,2010,0
Chad Henne,MIA,61.50712831,3.054989817,3.869653768,5.75815739,0.832407875,0.049120321,-0.006324972,4.923224568,75.38611677,2010,0
Mark Sanchez,NYJ,55.70469799,3.691275168,2.348993289,4.792332268,0.715043924,0.034165021,0.009667696,5.634185304,78.33473154,2010,0
Josh Freeman,TB,61.39240506,5.274261603,1.265822785,5.577689243,0.793333333,0.129410996,0.158827231,6.944223108,95.88607595,2010,0
Jimmy Clausen,CAR,52.5083612,1.003344482,3.010033445,9.939759036,0.789260385,-0.018493909,-0.311012571,2.981927711,58.35423634,2010,0
Colt McCoy,CLE,60.81081081,2.702702703,4.054054054,9.387755102,0.810282776,0.073423035,0.001585337,4.730612245,74.45570571,2010,0
John Skelton,ARI,47.61904762,2.380952381,1.587301587,6.666666667,0.586879433,-0.041940854,-0.318239739,4.2,64.98015873,2010,0
Sam Bradford,LA,60,3.050847458,2.542372881,5.448717949,0.895689875,0.013170727,-0.075295051,4.732371795,76.46186441,2010,0
Kerry Collins,TEN,55.09259259,2.777777778,3.703703704,2.262443439,0.703214696,4.31E-04,-0.078312777,4.28959276,65.45138889,2009,0
Daunte Culpepper,DET,56.68789809,1.910828025,3.821656051,8.187134503,0.723029839,0.001180799,-0.148871616,3.67251462,64.84872611,2009,0
Jake Delhomme,CAR,55.4517134,2.492211838,5.607476636,6.686046512,0.688888889,-0.001414101,-0.181460143,3.424418605,59.39122534,2009,0
Brett Favre,MIN,67.60797342,6.312292359,1.495016611,5.79029734,0.979768786,0.172589622,0.260527143,7.564945227,106.083887,2009,0
Matt Hasselbeck,SEA,60.04098361,3.483606557,3.483606557,6.153846154,0.903909281,0.017039246,-0.111063178,4.605769231,75.07684426,2009,0
Peyton Manning,IND,68.6695279,5.579399142,2.575107296,1.963534362,0.899143045,0.196407739,0.29659006,7.464235624,99.69897473,2009,1
Donovan McNabb,PHI,59.58333333,4.791666667,2.291666667,7.692307692,0.898574822,0.076153534,0.064736195,6.655769231,90.99826389,2009,0
Kurt Warner,ARI,67.36474695,5.584642234,2.617801047,4.340567613,0.997702206,0.128376092,0.134214217,6.883138564,97.5021815,2009,0
Tom Brady,NE,64.90939044,4.942339374,2.635914333,3.03514377,0.911676347,0.138390738,0.178219044,6.907348243,92.91254805,2009,0
Marc Bulger,LA,56.68016194,2.024291498,2.429149798,5.363984674,0.776837652,-0.005046303,-0.155858511,4.651340996,70.72368421,2009,0
Chris Redman,ATL,57.98319328,3.361344538,2.521008403,6.299212598,0.792089249,0.054850659,0.006021095,5.448818898,78.44887955,2009,0
Drew Brees,NO,70.61688312,6.818181818,1.785714286,3.448275862,1.031426269,0.205163647,0.31511013,8.330721003,110.8495671,2009,0
Shaun Hill,SF,56.12903226,3.225806452,1.290322581,10.40462428,0.870729455,0.0049707,-0.120203881,4.89017341,79.58333333,2009,0
David Garrard,JAX,60.85271318,2.906976744,1.937984496,7.52688172,0.8515625,0.07241933,-0.017293306,5.76344086,83.45445736,2009,0
Carson Palmer,CIN,59.76095618,4.38247012,2.788844622,5.461393597,0.786407767,0.084390571,0.08242379,5.274952919,81.76460823,2009,0
Tony Romo,DAL,63.22580645,4.516129032,1.612903226,6.344410876,1.084562872,0.110014042,0.175759693,7.222054381,96.20295699,2009,0
Seneca Wallace,SEA,65,2.5,1.666666667,6.976744186,0.785634119,0.042279933,0.001252053,4.736434109,81.94444444,2009,0
Kyle Boller,LA,55.68181818,1.704545455,3.409090909,8.808290155,0.821004566,-0.01839167,-0.389673464,2.96373057,61.24526515,2009,0
Byron Leftwich,TB,54.20560748,3.738317757,2.803738318,1.834862385,0.596984925,0.02202915,-0.10439461,4.944954128,71.16433022,2009,0
Matt Schaub,HOU,67.9245283,4.974271012,2.572898799,4.269293924,1.073357336,0.157716468,0.232653623,7.425287356,98.63850772,2009,0
Eli Manning,NYG,62.27897839,5.304518664,2.750491159,5.565862709,0.890586932,0.127947499,0.17333471,6.892393321,93.11967911,2009,0
Ben Roethlisberger,PIT,66.60079051,5.138339921,2.371541502,8.992805755,0.951627089,0.145070764,0.173494878,7.122302158,100.4693676,2009,0
Philip Rivers,LAC,65.39923954,5.513307985,2.091254753,4.882459313,0.898539281,0.201856258,0.323101751,8.056057866,102.3051331,2009,0
Alex Smith,SF,60.48387097,4.838709677,3.225806452,5.583756345,0.924105387,0.030233233,-0.045753615,5.16751269,81.49641577,2009,0
Aaron Rodgers,GB,64.83704974,5.831903945,1.372212693,8.477237049,0.898427382,0.163791967,0.231011112,7.63422292,104.5418811,2009,0
Jason Campbell,WAS,64.49704142,3.944773176,2.958579882,7.650273224,1.084207372,0.074192217,0.002482814,5.588342441,86.38642341,2009,0
Kyle Orton,DEN,62.10720887,3.881700555,2.218114603,5.087719298,0.998949028,0.075837127,0.055932292,6.180701754,86.81839187,2009,0
Derek Anderson,CLE,44.50549451,1.648351648,5.494505495,5.699481865,0.583442838,-0.047652138,-0.393801823,2.191709845,42.10164835,2009,0
Matt Cassel,KC,55.06072874,3.238866397,3.238866397,7.835820896,0.736153072,-0.003757204,-0.167119996,4.242537313,69.93083671,2009,0
Ryan Fitzpatrick,BUF,55.94713656,3.964757709,4.405286344,8.835341365,0.695354523,0.008105143,-0.196282692,4.076305221,69.66776799,2009,0
Vince Young,TEN,58.68725869,3.861003861,2.702702703,3.358208955,0.757355905,0.093376729,0.126794941,6.447761194,82.82657658,2009,0
Jay Cutler,CHI,60.54054054,4.864864865,4.684684685,5.772495756,0.803594915,0.040533496,-0.08794603,4.809847199,76.753003,2009,0
Bruce Gradkowski,LV,54.66666667,4,2,6.832298137,0.650937298,0.034035912,-0.029602015,5.720496894,80.61111111,2009,0
JaMarcus Russell,LV,48.7804878,1.219512195,4.471544715,11.51079137,0.539170507,-0.034424605,-0.490695974,2.320143885,49.96612466,2009,0
Brady Quinn,CLE,53.125,3.125,2.734375,6.909090909,0.624533582,-0.015352359,-0.19857383,3.927272727,67.17122396,2009,0
Trent Edwards,BUF,60.10928962,3.278688525,3.825136612,10.73170732,0.909020218,0.0306479,-0.173038067,4.12195122,73.78187614,2009,0
Matt Moore,CAR,61.5942029,5.797101449,1.449275362,6.12244898,0.874584718,0.090838008,0.132220215,7.108843537,98.49033816,2009,0
Matt Ryan,ATL,58.31485588,4.87804878,3.10421286,4.042553191,0.778430326,0.087717489,0.105787373,5.604255319,80.94512195,2009,0
Joe Flacco,BAL,62.31617647,3.860294118,2.757352941,6.529209622,0.828509719,0.089470352,0.070242336,5.757731959,84.77328431,2009,0
Chad Henne,MIA,60.75388027,2.66075388,3.10421286,5.450733753,0.761778719,0.062068455,0.03024851,4.846960168,75.23558758,2009,0
Josh Johnson,TB,50.4,3.2,6.4,8.088235294,0.679563492,-0.025994687,-0.24153144,2.544117647,50.91666667,2009,0
Matthew Stafford,DET,53.31564987,3.448275862,5.305039788,5.75,0.744499179,-0.017351414,-0.194742426,3.645,60.95822281,2009,0
Mark Sanchez,NYJ,54.98839907,3.712296984,5.104408353,5.895196507,0.734367307,0.017795863,-0.129669522,4.609170306,67.85092807,2009,0
Josh Freeman,TB,54.63917526,3.436426117,6.18556701,6.129032258,0.701019253,0.001021311,-0.200551667,3.693548387,59.88688431,2009,0
Keith Null,LA,61.01694915,2.542372881,7.627118644,9.923664122,0.694029851,0.012564183,-0.422037952,1,49.32909605,2009,0
Kerry Collins,TEN,58.73362445,2.620087336,1.746724891,1.927194861,0.73976024,0.068495552,0.065600459,5.944325482,79.43049491,2008,0
Daunte Culpepper,DET,52.17391304,3.47826087,5.217391304,10.85271318,0.798780488,0.006187531,-0.371287034,3.88372093,63.89492754,2008,0
Jake Delhomme,CAR,58.70535714,3.571428571,3.794642857,4.680851064,0.818629751,0.057157536,0.030734739,6.176595745,79.54799107,2008,0
Brett Favre,NYJ,65.70881226,4.214559387,4.214559387,5.434782609,0.855804782,0.096934065,0.039353375,4.907608696,81.04246488,2008,0
Gus Frerotte,MIN,59.13621262,3.986710963,4.983388704,8.787878788,0.875761267,0.020302629,-0.105587431,4.721212121,73.74723145,2008,0
Jeff Garcia,TB,64.72148541,3.183023873,1.591511936,5.985037406,0.961020553,0.116517712,0.109560941,6.431421446,89.97015915,2008,0
Brian Griese,TB,59.7826087,2.717391304,3.804347826,4.663212435,0.829853055,0.024331388,-0.125466778,4.088082902,69.4067029,2008,0
Matt Hasselbeck,SEA,52.15311005,2.392344498,4.784688995,8.333333333,0.628423773,-0.007333639,-0.171732477,3.276315789,57.82496013,2008,0
Jon Kitna,DET,56.66666667,4.166666667,4.166666667,11.11111111,0.693504117,-0.018936026,-0.357775891,4.02962963,72.15277778,2008,0
Peyton Manning,IND,66.33165829,4.690117253,2.010050251,2.450980392,0.825737265,0.169701184,0.254562807,6.924836601,94.71314908,2008,1
Donovan McNabb,PHI,60.40462428,4.046242775,2.167630058,4.022191401,0.819638595,0.088339408,0.110548205,6.248266297,85.8261079,2008,0
Kurt Warner,ARI,67.30245232,5.585831063,2.316076294,4.052287582,1.137157602,0.15061669,0.203500541,7.296732026,99.65940054,2008,0
Chad Pennington,MIA,67.3151751,3.891050584,2.140077821,4.814814815,0.940510597,0.13065777,0.151481322,6.787037037,93.88780804,2008,0
Marc Bulger,LA,57.14285714,2.494331066,2.947845805,7.933194154,0.718198578,-0.007180089,-0.181699384,4.382045929,71.49943311,2008,0
Sage Rosenfels,HOU,66.66666667,3.448275862,5.747126437,4.918032787,1.112752722,0.079357712,0.03619334,5.699453552,79.45402299,2008,0
Drew Brees,NO,65.03937008,5.354330709,2.677165354,2.00617284,1.012787213,0.153633938,0.256787918,7.549382716,96.23687664,2008,0
Shaun Hill,SF,62.84722222,4.861111111,2.777777778,7.395498392,0.894230769,0.114505143,0.093761041,5.845659164,88.68634259,2008,0
David Garrard,JAX,62.61682243,2.803738318,2.429906542,7.279029463,0.80337328,0.091014119,0.027404683,5.280762565,81.67834891,2008,0
J.T. O'Sullivan,SF,58.18181818,3.636363636,5,12.6984127,0.894933333,0.017514639,-0.252463991,4.547619048,73.63636364,2008,0
Carson Palmer,CIN,58.46153846,2.307692308,3.076923077,7.80141844,0.825112108,0.011558576,-0.131435879,3.893617021,69.26282051,2008,0
Tony Romo,DAL,61.19733925,5.764966741,3.10421286,4.246284501,0.840360712,0.101877129,0.10688047,6.825902335,91.21858832,2008,0
Seneca Wallace,SEA,58.26446281,4.545454545,1.239669421,5.46875,0.808016878,0.055117272,0.064469664,6.01953125,87.00068871,2008,0
Matt Schaub,HOU,66.05263158,3.947368421,2.631578947,5.70719603,1.052576963,0.129872009,0.093040888,6.808933002,92.68640351,2008,0
Eli Manning,NYG,59.84251969,4.133858268,2.362204724,5.046728972,0.745514223,0.082388486,0.068144387,5.818691589,83.83366142,2008,0
J.P. Losman,BUF,60.57692308,1.923076923,4.807692308,12.60504202,0.757457847,0.016607868,-0.393268507,2.352941176,62.33974359,2008,0
Ben Roethlisberger,PIT,60.10733453,3.577817531,2.862254025,8.8091354,0.813070834,0.060058324,0.018331753,5.443719413,82.03264758,2008,0
Philip Rivers,LAC,64.29872495,6.739526412,2.367941712,5.670103093,0.94472257,0.170590303,0.257721882,7.68556701,102.637371,2008,0
Aaron Rodgers,GB,63.61940299,5.223880597,2.425373134,5.964912281,0.833608588,0.127235603,0.145400484,6.635087719,93.79664179,2008,0
Jason Campbell,WAS,62.25296443,2.56916996,1.185770751,6.985294118,0.975060096,0.053261043,0.001185982,5.457720588,84.30500659,2008,0
Kyle Orton,CHI,58.58369099,4.077253219,2.575107296,5.476673428,0.80491759,0.028975242,-0.047227666,5.393509128,80.40057225,2008,0
Dan Orlovsky,DET,56.07843137,3.137254902,3.137254902,5.204460967,0.620583717,0.030838353,-0.068158277,4.910780669,72.60620915,2008,0
Derek Anderson,CLE,50.17667845,3.180212014,2.826855124,5.033557047,0.735763098,-0.024784431,-0.088396463,4.513422819,66.49734982,2008,0
Matt Cassel,NE,63.32046332,4.054054054,2.123552124,7.829181495,0.94546851,0.120303936,0.147292139,6.048042705,89.22136422,2008,0
Ryan Fitzpatrick,CIN,59.40860215,2.150537634,2.419354839,9.268292683,0.696781273,0.005779444,-0.206784735,3.57804878,70.015681,2008,0
Jay Cutler,DEN,62.33766234,4.058441558,2.922077922,1.754385965,0.824676508,0.122806427,0.207188513,6.612440191,85.99161255,2008,0
Tarvaris Jackson,MIN,55.97826087,4.891304348,1.630434783,7.537688442,0.742544127,0.071218238,-0.030520353,5.814070352,85.86956522,2008,0
JaMarcus Russell,LV,53.95095368,3.542234332,2.179836512,7.556675063,0.668967421,-0.001055597,-0.158805351,5.347607053,77.27633969,2008,0
Trent Edwards,BUF,65.50802139,2.941176471,2.673796791,5.793450882,0.986116186,0.083748007,0.027843586,5.858942065,85.40552585,2008,0
Tyler Thigpen,KC,54.76190476,4.285714286,2.857142857,5.829596413,0.726664809,0.030122691,-0.041346036,5.080717489,75.97222222,2008,0
Matt Ryan,ATL,61.39240506,3.797468354,2.742616034,4.048582996,0.844315545,0.119080841,0.172836594,6.682186235,86.46272855,2008,0
Joe Flacco,BAL,57.65407555,2.982107356,2.982107356,6.67903525,0.734482759,0.037392982,-0.043721243,5.083487941,75.87392313,2008,0
Todd Collins,WAS,61.93548387,4.516129032,1.290322581,6.060606061,0.949013158,0.102844227,0.070734431,6.878787879,94.39516129,2007,0
Daunte Culpepper,LV,58.37837838,2.702702703,2.702702703,10.19417476,0.878627968,0.044402861,0.002377174,5.199029126,78.47972973,2007,0
Trent Dilfer,SF,51.59817352,3.196347032,5.479452055,10.97560976,0.623863028,-0.006380506,-0.404901784,2.37398374,55.08942161,2007,0
Brett Favre,GB,66.27318718,5.564924115,2.866779089,2.6272578,0.99455219,0.147866476,0.220923525,7.169129721,95.98440135,2007,0
Gus Frerotte,LA,56.28742515,4.191616766,7.185628743,6.179775281,0.673754153,0.002171312,-0.292453274,3.117977528,58.32085828,2007,0
Jeff Garcia,TB,63.38797814,3.825136612,1.639344262,5.18134715,0.952158273,0.111983068,0.133627536,6.601036269,90.96083789,2007,0
Trent Green,MIA,60.28368794,3.546099291,4.964539007,4.72972973,0.835025381,0.062866009,-0.020672367,4.858108108,72.62115839,2007,0
Brian Griese,CHI,61.45038168,3.816793893,4.580152672,5.415162455,0.929381443,0.053477017,0.001132905,4.870036101,75.6043257,2007,0
Matt Hasselbeck,SEA,62.36044657,4.784688995,2.232854864,5.429864253,0.845176199,0.090800803,0.096722106,6.230769231,89.86244019,2007,0
Damon Huard,KC,62.04819277,3.313253012,3.915662651,10.02710027,0.843423019,0.046102281,-0.079237221,4.485094851,76.84487952,2007,0
Jon Kitna,DET,63.16725979,3.202846975,3.736654804,7.868852459,0.848497496,0.051267908,-0.039654922,5.183606557,79.97479241,2007,0
Peyton Manning,IND,65.71936057,6.039076377,2.841918295,3.595890411,0.915121549,0.178150574,0.297481347,7.325342466,98.01287744,2007,0
Donovan McNabb,PHI,61.52219873,4.22832981,1.479915433,8.510638298,0.914442916,0.080921398,0.075243596,6.154738878,90.5611346,2007,0
Steve McNair,BAL,64.87804878,0.975609756,1.951219512,5.092592593,0.978891821,0.042807732,-0.176740111,4.111111111,73.89227642,2007,0
Vinny Testaverde,CAR,54.65116279,2.906976744,3.488372093,4.972375691,0.74344718,-0.024105525,-0.161559388,3.977900552,65.45542636,2007,0
Kurt Warner,ARI,62.38938053,5.973451327,3.761061947,4.237288136,0.894515875,0.105727436,0.104221562,6.449152542,89.74004425,2007,0
Chad Pennington,NYJ,68.84615385,3.846153846,3.461538462,9.090909091,0.922675026,0.097189094,-0.009497844,4.835664336,86.15384615,2007,0
Tom Brady,NE,69.1411936,8.151382824,1.601164483,4.05027933,1.007085756,0.223843845,0.389183735,8.363128492,113.8191412,2007,1
Marc Bulger,LA,58.46560847,2.91005291,3.968253968,8.915662651,0.725288053,0.017821657,-0.126822632,4.019277108,70.33730159,2007,0
Chris Redman,ATL,59.73154362,6.711409396,3.355704698,5.696202532,0.993554328,0.019732427,-0.076659929,6.348101266,90.42225951,2007,0
A.J. Feeley,PHI,57.2815534,4.854368932,7.766990291,2.830188679,0.681681682,0.052458095,-0.071228093,3.877358491,61.18527508,2007,0
Sage Rosenfels,HOU,64.16666667,6.25,5,2.43902439,0.87253886,0.106868124,0.129286463,5.674796748,84.79166667,2007,0
Drew Brees,NO,67.48466258,4.294478528,2.760736196,2.248875562,0.98049213,0.109253383,0.079759245,6.106446777,89.39800613,2007,0
Cleo Lemon,MIA,55.98705502,1.941747573,1.941747573,6.927710843,0.688543689,0.021441183,-0.054147393,4.445783133,71.02885653,2007,0
David Carr,CAR,53.67647059,2.205882353,3.676470588,8.724832215,0.58203483,-0.01003867,-0.221898236,2.657718121,58.30269608,2007,0
Quinn Gray,JAX,55.55555556,6.944444444,3.472222222,6.493506494,0.643603133,0.101139892,0.166610317,5.798701299,85.59027778,2007,0
Joey Harrington,ATL,61.7816092,2.011494253,2.298850575,8.421052632,0.936971235,0.007222573,-0.109289313,4.744736842,77.21503831,2007,0
Josh McCown,LV,58.11518325,5.235602094,5.759162304,7.281553398,0.701401584,0.019212472,-0.124716184,3.67961165,69.07722513,2007,0
David Garrard,JAX,63.06068602,5.540897098,1.583113456,6.188118812,0.840608845,0.166330203,0.22956732,7.26980198,98.68623571,2007,0
Carson Palmer,CIN,64.86956522,4.52173913,3.47826087,2.871621622,0.819281889,0.127158811,0.104695977,6.133445946,86.64855072,2007,0
Tony Romo,DAL,63.48920863,6.654676259,3.597122302,4.631217839,0.940323956,0.165744914,0.256728098,6.955403087,95.24880096,2007,0
Rex Grossman,CHI,54.22222222,1.777777778,3.111111111,10,0.711189516,-0.001785127,-0.223542277,3.912,66.36111111,2007,0
Kyle Boller,BAL,61.09090909,3.272727273,3.636363636,8.026755853,0.685950413,0.052960774,-0.120301331,4.394648829,75.15909091,2007,0
Matt Schaub,HOU,66.43598616,3.114186851,3.114186851,5.245901639,0.95240119,0.106550607,0.029295824,6.196721311,87.161188,2007,0
Eli Manning,NYG,57.0324575,4.482225657,3.245749614,5.270863836,0.726563854,0.037819714,-0.03073062,5.218155198,78.0300103,2007,0
Luke McCown,TB,67.62589928,3.597122302,2.158273381,9.74025974,1.291933419,0.073273276,-0.014447345,5.649350649,91.68165468,2007,0
J.P. Losman,BUF,63.42857143,2.285714286,3.428571429,7.407407407,0.855721393,0.033621775,-0.145003071,4.82010582,76.94047619,2007,0
Ben Roethlisberger,PIT,65.77181208,7.606263982,3.131991051,10.6,0.824876092,0.157479981,0.174202769,6.316,101.7757271,2007,0
Philip Rivers,LAC,60.25641026,4.578754579,3.47985348,4.210526316,0.810715763,0.091680154,0.10084789,5.942105263,82.96703297,2007,0
Alex Smith,SF,48.70466321,1.03626943,2.07253886,8.095238095,0.502473887,-0.031340017,-0.376398859,3.10952381,57.22150259,2007,0
Jason Campbell,WAS,59.95203837,2.877697842,2.637889688,4.576659039,0.755244755,0.072163696,0.040815808,5.343249428,77.62290168,2007,0
Derek Anderson,CLE,56.54648956,5.5028463,3.605313093,2.58780037,0.893135173,0.079369137,0.084743964,6.288354898,82.45967742,2007,0
Vince Young,TEN,61.80048662,2.189781022,4.379562044,6.378132118,0.738376891,0.051537337,-0.041800765,4.300683371,69.84489051,2007,0
Matt Leinart,ARI,53.57142857,1.785714286,3.571428571,3.448275862,0.704026115,-0.01395282,-0.095655796,4.172413793,61.86755952,2007,0
Jay Cutler,DEN,63.59743041,4.282655246,2.997858672,5.465587045,0.908547675,0.099351007,0.120497678,6.303643725,88.0665596,2007,0
Kellen Clemens,NYJ,52,2,4,9.747292419,0.69279565,-0.00662619,-0.201365603,3.758122744,60.9,2007,0
Tarvaris Jackson,MIN,58.16326531,3.06122449,4.081632653,6.07028754,0.733307751,0.058091228,-0.025102416,4.731629393,70.83333333,2007,0
Brodie Croyle,KC,56.69642857,2.678571429,2.678571429,6.666666667,0.767834793,-0.001827733,-0.148418457,4.079166667,69.921875,2007,0
John Beck,MIA,56.07476636,0.934579439,2.803738318,8.547008547,0.704918033,0.001224637,-0.38810389,3.205128205,62.01323988,2007,0
Trent Edwards,BUF,56.133829,2.602230483,2.973977695,4.270462633,0.841073271,0.006442198,-0.155848753,4.644128114,70.39188352,2007,0
Matt Moore,CAR,56.75675676,2.702702703,4.504504505,5.128205128,0.626072041,0.022256615,0.001545215,4.487179487,67.02327327,2007,0
